gene_name,baseMean,log2FoldChange,lfcSE,stat,pvalue,padj,KO,cell_type,stimulation
ATXN7L3,60.99750795646,-1.0241953317158,0.209940174383976,-4.87851043622823,1.06890009288189e-06,0.027548762093845,ATXN7L3,Teff,Resting
ATXN7L3,215.089087321807,-0.848857475492294,0.133190594912667,-6.3732538776397,1.85059159546073e-10,4.88963311352634e-06,ATXN7L3,Teff,Stimulated
ATXN7L3,27.8776540582329,-1.5816103130913,0.312384588847329,-5.06302285566422,4.1266035814915e-07,0.0103326027076966,ATXN7L3,Treg,Resting
ATXN7L3,115.296899705084,-0.93521712447336,0.164775954264704,-5.6756893240077,1.38131275379507e-08,0.00036416929441053,ATXN7L3,Treg,Stimulated
BATF,283.430114504848,-2.97893323633409,0.195712086418891,-15.220997797541,2.56587587259172e-52,6.61303188643064e-48,BATF,Teff,Resting
ABCF1,1257.98149338607,0.144834225875414,0.0443135584398527,3.2683952942303,0.00108159188633345,0.014497163689064,BATF,Teff,Stimulated
ARID5A,2089.42202339904,0.198317654073197,0.0642619505239956,3.08608208210463,0.00202812826517885,0.0239748704125049,BATF,Teff,Stimulated
BATF,2790.38579210608,-4.9298831154339,0.110203035197387,-44.7345493398063,0,0,BATF,Teff,Stimulated
CREB1,978.789645285704,-0.233369757834597,0.0546569732645069,-4.26971608371411,1.95721950466837e-05,0.00047851732880743,BATF,Teff,Stimulated
DDX39B,4135.42710955936,-0.0929161365992979,0.032352240798074,-2.87201548663144,0.00407862979021901,0.0410212558960137,BATF,Teff,Stimulated
ETS1,2860.92332119418,0.224994341388639,0.0440169021039611,5.1115442167474,3.19536011451877e-07,1.3683777999848e-05,BATF,Teff,Stimulated
FOXO1,778.318729449621,0.66823950989095,0.0744745676864932,8.97272089854834,2.89278405069162e-19,1.09427592228663e-16,BATF,Teff,Stimulated
FOXP1,647.975720114202,0.768970055061118,0.114224295888536,6.73210588937668,1.67224866001465e-11,1.67446193029996e-09,BATF,Teff,Stimulated
FOXP3,589.638667959955,1.16031665787743,0.271121786722958,4.27968800258417,1.87155488256412e-05,0.00046005116228805,BATF,Teff,Stimulated
GATA3,3454.11109377787,-0.333363701604733,0.0675959132690917,-4.93171384899631,8.15112653031489e-07,3.15346707641557e-05,BATF,Teff,Stimulated
HIVEP2,384.325458732808,0.288043345776231,0.093434366080823,3.08284154812016,0.002050342947439,0.0241897099887394,BATF,Teff,Stimulated
IFNGR1,288.308050527733,0.398541863791325,0.0949503774456438,4.19736997906594,2.7003259379275e-05,0.00063842080942181,BATF,Teff,Stimulated
IFNGR2,157.094246708159,-0.672935124940432,0.169796809356821,-3.96317885765619,7.39583298623353e-05,0.00153064519158857,BATF,Teff,Stimulated
IKZF2,152.556332133692,-0.740433464632736,0.221986977625397,-3.33548153388627,0.00085151808993874,0.0118933059987547,BATF,Teff,Stimulated
IKZF3,165.256757594203,0.411725765274179,0.14085125067545,2.92312466733347,0.0034653773764481,0.0361620759482531,BATF,Teff,Stimulated
IL4R,917.601293148619,0.436693835050983,0.0534106102590876,8.17616261886243,2.93026457408083e-16,6.65072382830547e-14,BATF,Teff,Stimulated
IRF1,2344.53732354358,-0.264134570914697,0.0784373736393656,-3.36745812180197,0.00075864547609719,0.0108635479426831,BATF,Teff,Stimulated
IRF2,703.172321118628,-0.280004180554103,0.0799640357653043,-3.50162642335761,0.00046242752060257,0.00730772735516971,BATF,Teff,Stimulated
IRF4,2306.91946479116,0.258006001706445,0.0688738306276197,3.74606725595686,0.00017962845151312,0.0032507370302094,BATF,Teff,Stimulated
KLF13,1053.83657415863,0.286467274323806,0.0640419502806916,4.47311915187215,7.70867939386978e-06,0.00022288067088263,BATF,Teff,Stimulated
KLF6,1813.98314207354,0.809750143682185,0.0800778380941111,10.1120380239353,4.88571898676753e-24,3.69631784232223e-21,BATF,Teff,Stimulated
MYB,965.681402623667,-0.253007032425335,0.0841290134375677,-3.00736953979726,0.00263519206879279,0.0293426374430255,BATF,Teff,Stimulated
NFKB2,2488.69490616257,0.480220617564093,0.0739556032407761,6.49336353867125,8.39408007757182e-11,7.52043305897191e-09,BATF,Teff,Stimulated
PRDM1,644.544699441959,0.679806957395182,0.104940735354136,6.47800832632901,9.29412262147873e-11,8.21865986099334e-09,BATF,Teff,Stimulated
RARA,250.259376968035,0.313094491465611,0.0987784888770089,3.16966269706202,0.00152615989872784,0.0190322760997031,BATF,Teff,Stimulated
RUNX1,1322.00235339917,-0.844950892593312,0.0777251197908563,-10.8710143498899,1.58429553960793e-27,2.15749366583809e-24,BATF,Teff,Stimulated
STAT5A,882.935864889709,0.645809283485191,0.0872901153970638,7.39842398589513,1.37810241245939e-13,1.93474212916206e-11,BATF,Teff,Stimulated
TNFAIP3,1244.0097685496,0.533621453889898,0.0931703886770219,5.72737176979817,1.0199848122262e-08,6.14608547473293e-07,BATF,Teff,Stimulated
ZBTB32,1146.2955763363,0.362601196930071,0.0968289062000619,3.74476188113585,0.00018056494746932,0.00325686550283081,BATF,Teff,Stimulated
ZNF217,784.298015193371,0.181008723990186,0.0574747553026076,3.1493604981381,0.00163628209440325,0.0200852121918859,BATF,Teff,Stimulated
BATF,477.051575069272,-3.95379812807998,0.278367921043058,-14.2034977064344,8.71516149623234e-46,8.7474075937684e-42,BATF,Treg,Resting
FOXO1,298.475181914901,0.425674623016428,0.0989375586861676,4.30245731418013,1.68914220152773e-05,0.00443715194942488,BATF,Treg,Resting
KLF3,198.35816014624,-0.474664120509031,0.126256143323219,-3.75953286719586,0.00017023091351737,0.0266969949839672,BATF,Treg,Resting
KLF6,375.869176056091,0.605375249964439,0.0838808488786758,7.2170854021762,5.31136234745301e-13,2.6655071940693e-09,BATF,Treg,Resting
BATF,3917.7332136561,-4.11487041409226,0.151140844113085,-27.2254031545138,3.25045590001682e-163,4.41704452253286e-159,BATF,Treg,Stimulated
CIC,95.644765969972,0.471925468806371,0.144925420332223,3.25633327627785,0.00112861190882451,0.0227652654833823,BATF,Treg,Stimulated
FOXO1,802.408811280414,0.526466852437729,0.0874425428559847,6.02071755054979,1.73645542266513e-09,3.42499925999148e-07,BATF,Treg,Stimulated
FOXP1,910.694358125482,0.809092851053001,0.13132303023424,6.16108880224457,7.22464605073096e-10,1.66399517259971e-07,BATF,Treg,Stimulated
IL2RA,12841.4206426926,-0.68190514947128,0.111648314109251,-6.10761707341155,1.01129627944389e-09,2.18366410801704e-07,BATF,Treg,Stimulated
JUNB,4746.96427898961,0.299469498907283,0.101401741364774,2.95329739782274,0.00314398910569953,0.0467948170398147,BATF,Treg,Stimulated
KLF6,1176.79118748282,0.784161516247997,0.125886389124717,6.22912073100388,4.69060225251377e-10,1.15721587751601e-07,BATF,Treg,Stimulated
NFKB2,2130.29600507154,0.687066778127079,0.140908199573861,4.87598862383403,1.08264848116611e-06,9.1379566525256e-05,BATF,Treg,Stimulated
PTEN,719.186799539751,0.272460606213494,0.0734485199653364,3.70954522081698,0.00020763187125365,0.00658978763435427,BATF,Treg,Stimulated
RUNX1,618.962301449407,-0.435570711280768,0.0906401958014702,-4.80549172946185,1.54371619885117e-06,0.00012196255480342,BATF,Treg,Stimulated
SATB1,1766.78068358899,-0.987358564307375,0.14805318173169,-6.66894525844584,2.57648324307047e-11,8.75295769752116e-09,BATF,Treg,Stimulated
SMARCB1,907.305862192513,-0.193865676916241,0.0619256063569329,-3.13062218234601,0.00174436419503929,0.0307846299303751,BATF,Treg,Stimulated
SP3,632.805673228492,0.22232425250568,0.0709832298437885,3.1320672924428,0.00173580085529985,0.0307132784149345,BATF,Treg,Stimulated
STAT5A,567.648371596568,0.412656671508225,0.113611273634158,3.63218066577643,0.00028103624611605,0.0080400032599392,BATF,Treg,Stimulated
TNFAIP3,1737.02637014722,0.594298260706233,0.132345860009229,4.49049377641878,7.10582514531234e-06,0.000419975882754,BATF,Treg,Stimulated
ZNF217,519.568446346643,0.300732804857069,0.0952030066604231,3.15885826935849,0.00158388496956744,0.028697883801936,BATF,Treg,Stimulated
BPTF,593.630663592736,-1.54719466853606,0.077811450694794,-19.8838943975579,5.61052929135406e-88,7.74196936913947e-84,BPTF,Teff,Resting
IL2,23.4732091239664,3.29707778596333,0.764196129545224,4.3144392630272,1.60008515865017e-05,0.0157711250744384,BPTF,Teff,Resting
BPTF,1604.74515324576,-1.48337136168509,0.0635031360846947,-23.3590252882426,1.11581021614672e-120,1.40513980519356e-116,BPTF,Teff,Stimulated
BPTF,315.368285769819,-1.8849093611538,0.111380907890562,-16.9230920886893,3.04040530826462e-64,2.90449919098519e-60,BPTF,Treg,Resting
BPTF,1167.65456160995,-2.22668481072216,0.078303615176389,-28.4365518208356,7.14710421087953e-178,8.98176586181231e-174,BPTF,Treg,Stimulated
ARID5A,194.93030357414,0.771458527475057,0.143399552591581,5.37978336426379,7.45755251330978e-08,4.38873665606284e-06,CBFB,Teff,Resting
BCL11B,456.276768293761,0.684782174902783,0.0693636466433198,9.87234968230628,5.48641071488813e-23,2.91877050032049e-20,CBFB,Teff,Resting
CBFB,206.639509583896,-2.29888351432301,0.177828007567323,-12.9275671800613,3.14617328446401e-38,6.97401744722855e-35,CBFB,Teff,Resting
CREB1,265.039542420372,0.304375369711027,0.0940019153805041,3.23796986985814,0.00120383522608886,0.0185958286956815,CBFB,Teff,Resting
CREM,271.165361116972,0.941958321552217,0.253117174797485,3.72143187164546,0.00019809631350747,0.00425635051639636,CBFB,Teff,Resting
FOXP1,440.458448108376,0.466183547937581,0.0825755143989188,5.64554216017921,1.64661511634335e-08,1.10050156016917e-06,CBFB,Teff,Resting
FOXP3,69.9408194400798,-1.12387416198633,0.334519826227369,-3.35966383416225,0.00078037365353966,0.0130882340379287,CBFB,Teff,Resting
IFNGR2,37.8254073209658,1.46522764775171,0.239635691328447,6.11439656433923,9.69230106296973e-10,8.76922477125833e-08,CBFB,Teff,Resting
IKZF3,75.406367013577,0.949573053724509,0.182431783194362,5.20508563309298,1.93907167360127e-07,1.04835988857304e-05,CBFB,Teff,Resting
IL2,23.4732091239664,-2.78675680659634,0.964383345046675,-2.88967745130591,0.00385637286202294,0.0458077371458583,CBFB,Teff,Resting
IL2RA,382.557161913033,1.16375802528651,0.174929604844998,6.65272196960425,2.87721412171518e-11,3.44747277646954e-09,CBFB,Teff,Resting
IRF1,1575.07358335175,0.439566644608759,0.114375058544523,3.84320366872337,0.00012143860781231,0.00279919147990266,CBFB,Teff,Resting
KLF2,1740.55862983717,-0.647983219989434,0.223316756170916,-2.90163277982373,0.00371223420804332,0.0445361055291047,CBFB,Teff,Resting
KMT2A,763.41310958533,0.341106991895584,0.0716866715930783,4.75830421911399,1.95226117330858e-06,7.73551759352266e-05,CBFB,Teff,Resting
MYB,81.3616186634853,1.02502548504929,0.195486517130584,5.2434587310417,1.57594070604129e-07,8.73333807931213e-06,CBFB,Teff,Resting
MYC,243.622027261671,-0.625371880317568,0.182235837628846,-3.43166244606203,0.00059989373058196,0.0106098226286438,CBFB,Teff,Resting
RUNX1,309.488300447737,1.44888219011079,0.10170241847531,14.2462904209355,4.72734202274453e-46,3.14368244512511e-42,CBFB,Teff,Resting
RUNX3,287.781659259736,1.02809454631512,0.0990989460923567,10.3744246215996,3.24159203580208e-25,2.05300828934131e-22,CBFB,Teff,Resting
SATB1,608.407968260607,0.399551690824539,0.0795167621314889,5.024747991673,5.04094031140277e-07,2.42037928309231e-05,CBFB,Teff,Resting
SOCS3,18.6165268499065,1.04030065799844,0.297307581747562,3.49907207843001,0.00046688035282718,0.00874570897304938,CBFB,Teff,Resting
USP22,195.149954768239,0.353318659434279,0.104342694457071,3.38613701009649,0.00070883983928062,0.012133294546245,CBFB,Teff,Resting
YBX1,1660.30422661696,-0.227436170664855,0.0680991145043619,-3.33978161566677,0.00083844293950619,0.0138353487536381,CBFB,Teff,Resting
ZEB1,339.47963873392,0.429369427460336,0.0821697865088375,5.22539300274507,1.73785592599165e-07,9.51172173485142e-06,CBFB,Teff,Resting
ARID5A,2089.42202339904,0.463347477278555,0.0631290010875727,7.33969283999597,2.14084600200364e-13,1.09602919828069e-11,CBFB,Teff,Stimulated
BATF,2790.38579210608,-0.152504155321833,0.047740521453704,-3.19443840741712,0.00140103177548079,0.0101519721529519,CBFB,Teff,Stimulated
CBFB,919.091678947756,-3.22972360590027,0.0979431224026543,-32.9755017674701,1.82379578039215e-238,2.85715846956235e-234,CBFB,Teff,Stimulated
DDX39B,4135.42710955936,0.10147409144223,0.0312054599054328,3.25180566957655,0.00114674396673926,0.00860387499182822,CBFB,Teff,Stimulated
DNMT1,2384.70142776082,0.0925523490581108,0.0344201987017383,2.68889641980587,0.00716886597854589,0.0395588074744276,CBFB,Teff,Stimulated
ERF,264.771428880303,0.306651160297389,0.0924922219536957,3.31542646311284,0.00091503412316513,0.0071460242141102,CBFB,Teff,Stimulated
ETS1,2860.92332119418,-0.143236799361468,0.0440622516960564,-3.2507825598547,0.00115087841699162,0.00863076174274325,CBFB,Teff,Stimulated
ETV3,217.705589037261,0.366084869661249,0.129389994207133,2.82931359495391,0.0046647965421711,0.0277971482045084,CBFB,Teff,Stimulated
FOXK1,232.398987891391,0.348770655741083,0.0974833037552667,3.57774759682619,0.00034656787283289,0.00308835739237777,CBFB,Teff,Stimulated
FOXN2,701.102931533117,-0.239292419806521,0.0636627703508256,-3.75874971333882,0.00017076455371004,0.00168145663005757,CBFB,Teff,Stimulated
FOXP3,589.638667959955,-2.0494355676917,0.279915986724502,-7.32160957176337,2.4501414199101e-13,1.23025370142025e-11,CBFB,Teff,Stimulated
GFI1,639.682146047891,-0.241830825391489,0.0806915650783378,-2.99697775296232,0.00272670611273546,0.0176369025442253,CBFB,Teff,Stimulated
IFNGR1,288.308050527733,-0.458875760904397,0.100235199346502,-4.57799020599652,4.69464668139513e-06,7.19631457052213e-05,CBFB,Teff,Stimulated
IFNGR2,157.094246708159,1.73547536980466,0.141793899312228,12.2394219936302,1.91390732536425e-34,7.49581803978909e-32,CBFB,Teff,Stimulated
IKZF2,152.556332133692,0.568280920794542,0.204248001641669,2.78230835174353,0.00539737322351233,0.0312588720589812,CBFB,Teff,Stimulated
IL15RA,287.516557900136,0.904412268882881,0.0906944986510102,9.97207418680414,2.01966245944493e-23,3.04231077785233e-21,CBFB,Teff,Stimulated
IL2RB,1975.27473499159,-0.34111524325722,0.0562767521742585,-6.06138823009848,1.34951652061471e-09,4.03464233052481e-08,CBFB,Teff,Stimulated
IL4R,917.601293148619,-0.178276460068453,0.0548104176315929,-3.25260174565234,0.00114353647521126,0.00859215463820603,CBFB,Teff,Stimulated
IRF1,2344.53732354358,1.02634574799986,0.0763229274426185,13.447410658763,3.18843006054992e-41,1.78392661887768e-38,CBFB,Teff,Stimulated
IRF2,703.172321118628,0.289967840444748,0.0751144415355617,3.86034741811223,0.00011322592552555,0.00118887221801832,CBFB,Teff,Stimulated
IRF4,2306.91946479116,0.480773530806015,0.0680945563078266,7.06038128264822,1.66046354676406e-12,7.49649046789792e-11,CBFB,Teff,Stimulated
KLF2,369.909581712964,-1.29402245345911,0.419724243657782,-3.08303004415962,0.0020490446690194,0.0138962483917134,CBFB,Teff,Stimulated
KMT2A,2334.24748069568,0.170234776852838,0.0382445679251495,4.45121454074247,8.53859824337245e-06,0.00012305950329408,CBFB,Teff,Stimulated
LEF1,916.434381347484,0.280195813821545,0.0734870838745763,3.81285797514795,0.00013736905764019,0.0014047151808037,CBFB,Teff,Stimulated
MYB,965.681402623667,0.260643219162015,0.0812689094685999,3.2071701326658,0.0013404769410294,0.00979016865182593,CBFB,Teff,Stimulated
PTEN,808.211413744144,-0.300284557300082,0.0696585428574494,-4.31080733219744,1.62659585658739e-05,0.00021464052159083,CBFB,Teff,Stimulated
PURA,977.709021558862,-0.191494227326276,0.0491536600897511,-3.89582844851475,9.78636418223912e-05,0.00105081001562,CBFB,Teff,Stimulated
RAD21,4420.1006838731,-0.122068787611966,0.0431578189578756,-2.8284280939014,0.00467772081805969,0.0278423914649404,CBFB,Teff,Stimulated
RBPJ,2001.59911089889,0.453946514022199,0.0736127871187562,6.16668016237271,6.97386145600994e-10,2.1938255736918e-08,CBFB,Teff,Stimulated
REST,984.815458818255,-0.181361797608239,0.0556059696416734,-3.26155264941768,0.001108038538527,0.00838576412780865,CBFB,Teff,Stimulated
RUNX1,1322.00235339917,1.87660002122408,0.0697504497054671,26.904486338774,1.94619473041586e-159,1.52445433233474e-155,CBFB,Teff,Stimulated
RUNX3,1590.40472054007,0.266020712019849,0.0543599491888193,4.89368948995567,9.89629375608309e-07,1.77385970232034e-05,CBFB,Teff,Stimulated
SMARCB1,1322.0612532734,-0.18658732472332,0.0454112659992549,-4.10883336144784,3.97662874074747e-05,0.00047774437003489,CBFB,Teff,Stimulated
SS18,605.566369436212,0.356283980124838,0.0741028558463936,4.80796557778248,1.52474011142739e-06,2.62837055140744e-05,CBFB,Teff,Stimulated
STAT6,593.608643148051,0.306307235281187,0.0710485616176465,4.31123767050491,1.62343294457432e-05,0.00021444098237522,CBFB,Teff,Stimulated
TCF3,562.21221863042,0.211501358919199,0.0597289369581481,3.54101997608625,0.00039858339995351,0.00348838410260996,CBFB,Teff,Stimulated
TFDP1,1741.04222561437,0.169836940016401,0.0479731099158285,3.54025286904245,0.00039974382011199,0.0034965866476128,CBFB,Teff,Stimulated
YBX1,12529.8618051086,0.0890911451586891,0.0278370753282862,3.20044918900516,0.00137213560207726,0.00997869232154889,CBFB,Teff,Stimulated
ZEB1,1667.18059900798,-0.248232621594813,0.0467041257833261,-5.31500413360558,1.06654905739121e-07,2.31741435965197e-06,CBFB,Teff,Stimulated
CBFB,103.0579373254,-2.72615641583605,0.22217525065391,-12.2702974692833,1.30772016271459e-34,8.14448117338645e-31,CBFB,Treg,Resting
ETS1,1061.71135870842,-0.315713959547885,0.0847562692032751,-3.72496291443283,0.00019534393780893,0.00942548574753796,CBFB,Treg,Resting
FOXP3,947.572608147923,-1.35971779752524,0.141968811304124,-9.57758105484498,9.93443410506766e-22,2.06238852021205e-18,CBFB,Treg,Resting
IFNGR2,39.58672879983,0.865295268831831,0.21691912749279,3.9890224473662,6.63461437746155e-05,0.00413203783428305,CBFB,Treg,Resting
IL2RB,197.832598788609,-0.439343411619678,0.135715021845048,-3.23724968427811,0.00120687766432963,0.0400876484983729,CBFB,Treg,Resting
KLF2,1617.4503469224,-0.712653961636102,0.174992398439198,-4.07248525074486,4.6514146510364e-05,0.0030334042352518,CBFB,Treg,Resting
KLF6,375.869176056091,0.457459282481941,0.0808310528983908,5.65944975450207,1.51859100883483e-08,3.10091305017159e-06,CBFB,Treg,Resting
MYC,186.82846613418,-1.29540118817496,0.214552565657052,-6.03768677483715,1.56339157316996e-09,4.32746787453445e-07,CBFB,Treg,Resting
RUNX1,142.988264375243,0.969613366475078,0.122300256970208,7.92813842338262,2.22455274426563e-15,2.13146376789021e-12,CBFB,Treg,Resting
RUNX3,176.066408325877,0.683128116001287,0.137661382052817,4.96238019562516,6.96345187618062e-07,8.58779768016889e-05,CBFB,Treg,Resting
SS18,82.0062329665801,0.433351211060026,0.129770946362155,3.3393546337457,0.0008397328757163,0.030056645689432,CBFB,Treg,Resting
ZEB1,238.909210641587,0.389514122714947,0.104011061871412,3.74492977676258,0.00018044423984216,0.00888024052775035,CBFB,Treg,Resting
ARID5A,1696.27052831369,0.688584981118663,0.16711060139755,4.1205343967409,3.77994627045102e-05,0.00115010759560886,CBFB,Treg,Stimulated
BATF,3917.7332136561,-0.471626996238611,0.135163042432509,-3.48931917890283,0.00048425255642322,0.00935232076402559,CBFB,Treg,Stimulated
CBFB,703.5649156242,-4.32761115749543,0.151930938530932,-28.4840678227914,1.84544727876831e-178,2.79068537495344e-174,CBFB,Treg,Stimulated
ETS1,3062.10045049807,-0.43781494449424,0.0897936422269017,-4.87579001849502,1.08373843491389e-06,5.55535342805689e-05,CBFB,Treg,Stimulated
FOXP3,5551.82958303867,-1.73802721427948,0.131207823024184,-13.2463688080484,4.7356808605227e-40,1.79032414932061e-36,CBFB,Treg,Stimulated
GATA3,2234.88521519931,-0.313668524489906,0.109974170890503,-2.85220176656038,0.00434175323536114,0.0499391819101098,CBFB,Treg,Stimulated
GFI1,327.37312689337,-0.339051923270344,0.115112883688948,-2.94538641032148,0.00322551557825128,0.0399477858921506,CBFB,Treg,Stimulated
HIVEP2,390.700657557381,-0.313565438759402,0.106211109229917,-2.95228475658438,0.00315431896526577,0.0391944218510674,CBFB,Treg,Stimulated
IFNGR1,192.790843138922,-0.33193049733611,0.114318473330624,-2.90355957060521,0.00368946774331141,0.0444558814457013,CBFB,Treg,Stimulated
IFNGR2,118.587996034211,1.38449189355524,0.158696331288089,8.72415815991303,2.68168082145161e-18,2.02761886909956e-15,CBFB,Treg,Stimulated
IL15RA,323.127389012937,0.421986244096863,0.126053746479963,3.34766919572628,0.00081494224674022,0.0143631196447619,CBFB,Treg,Stimulated
IL2RA,12841.4206426926,-0.550958493312615,0.111366819432795,-4.94724098361358,7.52727658073612e-07,4.05079987380397e-05,CBFB,Treg,Stimulated
IRF1,2107.70941842373,0.675958251610504,0.127486833344012,5.30218089099829,1.14427372218009e-07,8.16212605038082e-06,CBFB,Treg,Stimulated
PTEN,719.186799539751,-0.300774345122546,0.0719211772988338,-4.18199974498225,2.88956294116898e-05,0.0009179825797554,CBFB,Treg,Stimulated
RELA,717.414172204374,-0.281427546770428,0.08935516791851,-3.14953855861011,0.00163528527362259,0.0241728092939598,CBFB,Treg,Stimulated
RUNX1,618.962301449407,1.69507893565608,0.077927937726639,21.7518772484676,6.6310221544586e-105,5.01371585098615e-101,CBFB,Treg,Stimulated
RUNX3,1202.93011000954,0.279514182999746,0.0940437575275823,2.97217157574511,0.00295701384937867,0.0374781449377326,CBFB,Treg,Stimulated
SS18,345.519950951797,0.48328411199758,0.0835528253939228,5.78417437972998,7.28693228540198e-09,7.39550268589589e-07,CBFB,Treg,Stimulated
STAT3,1891.6089555355,0.385082006462087,0.103545906321963,3.71894959579304,0.00020005296286121,0.0045908078854632,CBFB,Treg,Stimulated
STAT6,322.273821430704,0.329779234268834,0.0801803465549275,4.11296843226936,3.90603815398263e-05,0.00118370959848748,CBFB,Treg,Stimulated
BCL11B,456.276768293761,-0.31994895301231,0.0758222454058061,-4.21972405723307,2.44601522255342e-05,0.00153352717088561,DNMT1,Teff,Resting
DNMT1,402.223372095786,-1.90373967224774,0.12502203118469,-15.2272335860183,2.33254369596275e-52,1.72561582627324e-48,DNMT1,Teff,Resting
ETS1,1161.38939650216,-0.237575853726819,0.0683919588193118,-3.47373957155523,0.00051325893734771,0.0181678929114757,DNMT1,Teff,Resting
FOXP3,69.9408194400798,2.00458515615231,0.281041762584509,7.13269493372729,9.8422539983557e-13,3.73399974768387e-10,DNMT1,Teff,Resting
GATA3,675.749521385699,0.317931524898984,0.081835329865351,3.8850154990772,0.00010232336037189,0.00496385718053314,DNMT1,Teff,Resting
IL2RB,183.770062648225,0.627127152039596,0.110291426267955,5.6860915962405,1.29979698862601e-08,2.43440458781145e-06,DNMT1,Teff,Resting
LEF1,974.647043912686,-0.541683421704176,0.0880380710257595,-6.15283155790274,7.61116311408315e-10,1.84614376124548e-07,DNMT1,Teff,Resting
RBPJ,312.060497884631,0.46191515655222,0.0945142385328875,4.88725470069243,1.0225177481426e-06,0.00011461494395089,DNMT1,Teff,Resting
SATB1,608.407968260607,-0.483061701606277,0.0837409993743408,-5.76852085854486,7.99703163292721e-09,1.53667636416612e-06,DNMT1,Teff,Resting
SMARCB1,228.853493838896,0.389377869462971,0.0983615996196423,3.95863701859942,7.53786932035041e-05,0.00383265685442971,DNMT1,Teff,Resting
STAT5B,253.948303258272,-0.331098230084925,0.0981720572342182,-3.37263208506462,0.00074453366006909,0.0241052954800489,DNMT1,Teff,Resting
DNMT1,2384.70142776082,-2.26483960701472,0.0580603839954453,-39.0083470201022,0,0,DNMT1,Teff,Stimulated
FOXP3,589.638667959955,1.32328384910565,0.271430518833874,4.87522130816672,1.08686538373635e-06,0.00016118401031393,DNMT1,Teff,Stimulated
IRF4,2306.91946479116,-0.387638588427311,0.0715886701109507,-5.41480359708504,6.13560157540011e-08,1.28720431587327e-05,DNMT1,Teff,Stimulated
RUNX3,1590.40472054007,0.27598856565827,0.0568712577688111,4.85286551565642,1.21690216028025e-06,0.00017740989714662,DNMT1,Teff,Stimulated
SOCS3,244.715991759889,0.420544951342649,0.120469807282885,3.4908742765325,0.00048144274942648,0.0262096823366574,DNMT1,Teff,Stimulated
DNMT1,201.393581408182,-1.55187375965539,0.182624219585315,-8.49763390189553,1.93494237861802e-17,5.38223572036388e-14,DNMT1,Treg,Resting
LEF1,674.114655079449,-0.357016727406383,0.0864978482914432,-4.12746368214226,3.6678633689659e-05,0.0127150180336544,DNMT1,Treg,Resting
DNMT1,1909.62686327636,-2.40629811597659,0.0760427109155985,-31.6440338199856,9.16090620149543e-220,1.5725611585487e-215,DNMT1,Treg,Stimulated
BCL11B,456.276768293761,0.276652608155319,0.082344003405103,3.35971772946582,0.0007802214458154,0.0196700044193102,IL2RA,Teff,Resting
DNMT1,402.223372095786,-0.404926263368506,0.118252619323169,-3.42424773071533,0.00061650393276164,0.0166100386499819,IL2RA,Teff,Resting
IL15RA,57.4540590463381,0.8324869244288,0.200996924238393,4.14178937107229,3.44606741464517e-05,0.00171551183428554,IL2RA,Teff,Resting
IL2RA,382.557161913033,-1.00476355595185,0.201063210698198,-4.99725212018043,5.81530174354312e-07,7.50403476301676e-05,IL2RA,Teff,Resting
YBX1,1660.30422661696,-0.352713247997351,0.0731011702211307,-4.82500139095442,1.40002290456911e-06,0.00014937797698358,IL2RA,Teff,Resting
ARID5A,2089.42202339904,0.340168817763149,0.0653427617660704,5.20591429821969,1.93043730191939e-07,3.61777038090214e-05,IL2RA,Teff,Stimulated
BATF,2790.38579210608,0.388478686300836,0.0485999454595203,7.99339757746038,1.31269941059388e-15,1.31950158026696e-12,IL2RA,Teff,Stimulated
IL15RA,287.516557900136,1.91234460580799,0.0901002395026626,21.2246339894743,5.65649149294893e-100,2.08479421458454e-96,IL2RA,Teff,Stimulated
IL2RA,11434.7058719491,-2.30162891123788,0.105334540575741,-21.8506569512484,7.66227791130171e-106,4.23609034326315e-102,IL2RA,Teff,Stimulated
IL4R,917.601293148619,0.283095178422167,0.0577179059839528,4.90480681161364,9.3519336793764e-07,0.00013429133856216,IL2RA,Teff,Stimulated
IRF2,703.172321118628,0.276103705138682,0.079944632140961,3.45368660464717,0.00055297958387566,0.0172233669265161,IL2RA,Teff,Stimulated
KLF3,96.7337319576573,0.681374079962696,0.211363751000575,3.22370357612002,0.00126544316078574,0.0312682095936539,IL2RA,Teff,Stimulated
LEF1,916.434381347484,0.292886166095136,0.0772386018573368,3.79196618079791,0.00014945927116274,0.00688571317186012,IL2RA,Teff,Stimulated
RUNX1,1322.00235339917,0.239897125864291,0.0750349992887611,3.19713637819976,0.00138799286345985,0.0331223989684219,IL2RA,Teff,Stimulated
SATB1,2500.63563942528,0.312636499373948,0.0955132284288704,3.2732272222038,0.00106326964359837,0.0278591764200644,IL2RA,Teff,Stimulated
TFDP1,1741.04222561437,-0.1695682888687,0.0529964332987167,-3.1996169989954,0.00137610321170508,0.0331223989684219,IL2RA,Teff,Stimulated
ZBTB32,1146.2955763363,-0.74899280609518,0.103169858663983,-7.25980257988522,3.87655693666217e-13,3.5719241707228e-10,IL2RA,Teff,Stimulated
ZNF217,784.298015193371,0.21035378668829,0.0613072582050079,3.43114001257207,0.00060105028962593,0.0182077069928603,IL2RA,Teff,Stimulated
IL2RA,908.809139488806,-2.53624563506805,0.17044304151303,-14.8803119948676,4.42431484622526e-50,5.86664148609469e-47,IL2RA,Treg,Resting
ARID5A,1696.27052831369,0.782728627865989,0.168475473074851,4.64595002216279,3.38514956528223e-06,0.00049751860213676,IL2RA,Treg,Stimulated
ATF4,1034.6918729937,-0.28203014884907,0.0949289919093466,-2.97095906294252,0.00296871350122987,0.0443450768791593,IL2RA,Treg,Stimulated
BCL11B,682.479924193471,0.382778918531544,0.104463304791359,3.66424285825586,0.00024807132200264,0.00988316146858545,IL2RA,Treg,Stimulated
CREM,1884.12641109068,-0.509277368224355,0.144357987058353,-3.52787801078505,0.00041890516235034,0.0145757045135702,IL2RA,Treg,Stimulated
IL15RA,323.127389012937,1.42135263993907,0.128018184861777,11.1027401417519,1.21655860767086e-28,2.42338474648035e-25,IL2RA,Treg,Stimulated
IL2RA,12841.4206426926,-2.60967002337528,0.114312372504874,-22.8292875582127,2.34751016419167e-115,1.87049609882792e-111,IL2RA,Treg,Stimulated
IRF1,2107.70941842373,0.453906499664988,0.128964816737283,3.51961497056712,0.0004321736825235,0.0148429306135658,IL2RA,Treg,Stimulated
KLF13,708.986091398804,0.419221113245373,0.105336672121451,3.97982112784065,6.89671408582419e-05,0.00457941815298726,IL2RA,Treg,Stimulated
KLF3,281.558086001608,0.687079668878965,0.227823686700771,3.01583948020907,0.00256268887167585,0.0408390098590263,IL2RA,Treg,Stimulated
LEF1,671.994384606586,0.424172430123847,0.137497104026695,3.08495537507098,0.00203582695925255,0.0356229308468379,IL2RA,Treg,Stimulated
ZBTB32,1196.11574171173,-0.788476488597788,0.111501996309498,-7.07141140692409,1.53365704732503e-12,2.03669655884764e-09,IL2RA,Treg,Stimulated
IRF1,2344.53732354358,-0.785599439205909,0.0805121247269524,-9.75752958787486,1.71276483399351e-22,1.10421948847562e-18,IRF1,Teff,Stimulated
IRF1,1030.54185745502,-0.76312995986129,0.135803398073187,-5.61937308409634,1.91651602508851e-08,0.00023993822376095,IRF1,Treg,Resting
IRF1,2107.70941842373,-0.901643449503277,0.130644258423623,-6.90151607412885,5.14504483823351e-12,1.35643962115188e-07,IRF1,Treg,Stimulated
IRF2,348.156861161159,-2.81476869066349,0.171056154643364,-16.4552318888029,7.69267034833131e-61,1.21498035481545e-56,IRF2,Teff,Resting
ARID5A,2089.42202339904,0.239380306075368,0.0646542915964704,3.70246584046459,0.0002135141157442,0.029041679165738,IRF2,Teff,Stimulated
BATF,2790.38579210608,-0.198283936926883,0.0492709993809274,-4.02435386775691,5.71319564199985e-05,0.0103016591867165,IRF2,Teff,Stimulated
IRF2,703.172321118628,-1.58731001180497,0.0965778476340719,-16.4355496699326,1.06455065730804e-60,1.28608364909385e-56,IRF2,Teff,Stimulated
RAD21,4420.1006838731,0.189383893506303,0.0435233841296217,4.35131360517093,1.35324334755794e-05,0.00357795484349255,IRF2,Teff,Stimulated
IRF2,224.084117875598,-2.71577623967171,0.193263410652233,-14.0522007270098,7.46768123626644e-45,8.57887220422289e-41,IRF2,Treg,Resting
IRF2,701.729607350559,-1.75247194338487,0.116589378517315,-15.0311457670614,4.5899737940738e-51,6.47186304964406e-47,IRF2,Treg,Stimulated
STAT3,432.310113771066,0.32504030576828,0.0832109475751492,3.90622045824836,9.37509850942052e-05,0.0201647339409977,IRF4,Teff,Resting
ARID5A,2089.42202339904,0.438852428316068,0.0658452769187333,6.66490367802238,2.6483899194949e-11,1.06075805657887e-08,IRF4,Teff,Stimulated
BATF,2790.38579210608,0.74221597416639,0.0483543735130738,15.3495107110779,3.56867799113845e-53,4.85982568833234e-49,IRF4,Teff,Stimulated
CEBPB,895.12722326597,0.427062686343725,0.074889414402036,5.70257745709005,1.18009257583267e-08,2.43492434813474e-06,IRF4,Teff,Stimulated
ETS1,2860.92332119418,0.262018568358386,0.0461202326369168,5.68120656331325,1.33747825703847e-08,2.71847446333579e-06,IRF4,Teff,Stimulated
IL4R,917.601293148619,0.442348521130885,0.0584577301973701,7.56698078487464,3.81998377585697e-14,2.73792310840106e-11,IRF4,Teff,Stimulated
IRF4,2306.91946479116,-0.397231935152044,0.073026844112694,-5.43953309195508,5.34203864492035e-08,8.87169295933236e-06,IRF4,Teff,Stimulated
JUNB,7106.92054255494,0.310943536304098,0.0625993165407039,4.967203373569,6.79253428383987e-07,8.25899391761886e-05,IRF4,Teff,Stimulated
KLF13,1053.83657415863,0.302579109298497,0.0681340091196295,4.44094092228199,8.9566383753107e-06,0.00067005668292423,IRF4,Teff,Stimulated
KLF2,369.909581712964,-1.78014470379483,0.428826127091763,-4.15120392935831,3.30730906549377e-05,0.00189239222075186,IRF4,Teff,Stimulated
KLF6,1813.98314207354,0.34988476999576,0.0827626005699957,4.22757099929271,2.36227645839597e-05,0.00144257761481777,IRF4,Teff,Stimulated
RBPJ,2001.59911089889,0.285558946565841,0.0763372746657484,3.74075375124661,0.00018346920963168,0.00805962482827179,IRF4,Teff,Stimulated
STAT3,2324.91991765254,0.257379616285552,0.0672241328686541,3.82867885835631,0.00012883298621526,0.00600838221328582,IRF4,Teff,Stimulated
STAT5A,882.935864889709,0.488552158759084,0.0911557646799338,5.35953113304999,8.34382148510136e-08,1.35269239266798e-05,IRF4,Teff,Stimulated
YBX1,12529.8618051086,-0.0966445639235222,0.0292854903764194,-3.30008351170859,0.00096656061505842,0.0297124660403288,IRF4,Teff,Stimulated
ZEB1,1667.18059900798,0.223359761341253,0.0499256278688572,4.47384982173818,7.68237083389667e-06,0.00059442344327275,IRF4,Teff,Stimulated
KLF3,198.35816014624,-0.841934777994587,0.161047326499582,-5.22787180820895,1.71472328473571e-07,0.00010101863551199,IRF4,Treg,Resting
ARID5A,1696.27052831369,0.81860687334396,0.168538103457416,4.85710267619567,1.19115835144509e-06,0.00026977751396312,IRF4,Treg,Stimulated
BATF,3917.7332136561,0.622179539510728,0.135510064840901,4.59138987381649,4.40303953526178e-06,0.00072087836439364,IRF4,Treg,Stimulated
DNMT1,1909.62686327636,-0.179686999012589,0.0551959816112227,-3.25543624313504,0.0011321831349698,0.0488916778851391,IRF4,Treg,Stimulated
FOXO1,802.408811280414,0.379537170414313,0.0919697207132013,4.12676223730051,3.6790642309514e-05,0.00403183901890311,IRF4,Treg,Stimulated
IFNGR2,118.587996034211,0.740948532017433,0.183033474511403,4.04815858954407,5.1622165271476e-05,0.00523502689458274,IRF4,Treg,Stimulated
IL4R,472.690995510938,0.813672024606196,0.186668848618528,4.35890632329873,1.30714046316803e-05,0.00181252364836636,IRF4,Treg,Stimulated
KLF6,1176.79118748282,0.490670712084917,0.128151549483671,3.82883167672847,0.00012875302588848,0.0108672352099294,IRF4,Treg,Stimulated
RUNX1,618.962301449407,0.422915017392537,0.0895534616029021,4.72248654404703,2.32978508413629e-06,0.00044590773955391,IRF4,Treg,Stimulated
STAT5A,567.648371596568,0.545354940875863,0.116871566422291,4.66627561835985,3.06708231706202e-06,0.00055571442142074,IRF4,Treg,Stimulated
YBX1,9945.64128014674,-0.178158341449242,0.0478299387398456,-3.72482896995274,0.00019544768576229,0.0142028802236568,IRF4,Treg,Stimulated
ZEB1,970.241547238506,0.421965525503864,0.0783849496588529,5.38324675005015,7.31541459069886e-08,2.76903470818411e-05,IRF4,Treg,Stimulated
ZMYND8,335.053446752943,0.315223470835243,0.0938611039558956,3.35840361501994,0.00078394055205016,0.0387380660429445,IRF4,Treg,Stimulated
KLF13,1053.83657415863,-0.638076236031539,0.0685084942758364,-9.31382659590278,1.23307933163004e-20,3.2580422100329e-16,KLF13,Teff,Stimulated
KLF13,708.986091398804,-0.802669797149798,0.108114914246057,-7.42422821816256,1.13439417537574e-13,2.99071680396059e-09,KLF13,Treg,Stimulated
FLI1,355.736268253079,-0.301094778028837,0.0861444692062828,-3.4952305215072,0.00047365247806322,0.0181625378187525,KLF2,Teff,Resting
IRF4,117.52081916413,0.540507632968046,0.162228826969654,3.3317607176507,0.00086298422504188,0.0275354834188861,KLF2,Teff,Resting
KLF13,556.324933381494,-0.317743650936879,0.0697965425708229,-4.55242679985851,5.30306150174715e-06,0.00097741705300985,KLF2,Teff,Resting
KLF2,1740.55862983717,-1.09712115041106,0.22464927258798,-4.88370666760737,1.04109919926804e-06,0.00027866755233741,KLF2,Teff,Resting
MYC,243.622027261671,-0.738916377577756,0.188457449867015,-3.92086584053416,8.82313764828715e-05,0.00644089048324962,KLF2,Teff,Resting
DNMT1,201.393581408182,0.44540651071071,0.127218438314178,3.5011160065551,0.00046331411846193,0.0145814078864436,KLF2,Treg,Resting
IKZF3,122.839470423966,0.871011020148274,0.18925882845068,4.60222134564918,4.18008616293872e-06,0.00034177180675075,KLF2,Treg,Resting
IRF1,1030.54185745502,-0.41329247556471,0.134716637499337,-3.0678651370492,0.00215593892127047,0.0435499662096634,KLF2,Treg,Resting
KLF2,1617.4503469224,-1.29797041312156,0.177648550787383,-7.30639460535213,2.74405548912883e-13,3.365388053453e-10,KLF2,Treg,Resting
KLF3,198.35816014624,-0.753109695121529,0.135417114194923,-5.56140706142565,2.67608182021764e-08,5.34282847129498e-06,KLF2,Treg,Resting
MYB,62.1439465389385,1.27772514756653,0.255450602580081,5.00184824252266,5.67832825544421e-07,6.49979307639848e-05,KLF2,Treg,Resting
MYC,186.82846613418,-1.12600448163689,0.223930617766833,-5.02836321743792,4.94684189701097e-07,5.89842190081099e-05,KLF2,Treg,Resting
RAD21,517.891294741084,0.408190374014715,0.10752235828959,3.79633018200118,0.00014685387774352,0.00615868286306568,KLF2,Treg,Resting
SATB1,370.099261663489,-0.420031024057746,0.107893995032993,-3.89299723241598,9.90132823491033e-05,0.00454560978057247,KLF2,Treg,Resting
TFDP1,134.899950501872,0.544851740233433,0.137865323026509,3.95205790892512,7.74819836278035e-05,0.00373698218789153,KLF2,Treg,Resting
LEF1,974.647043912686,-0.528963528445206,0.087985132121403,-6.01196492738495,1.83287982661562e-09,4.72388117713645e-05,LEF1,Teff,Resting
LEF1,916.434381347484,-0.441680982024394,0.0781262961760792,-5.65342277367077,1.57283796547e-08,0.00041557524723648,LEF1,Teff,Stimulated
LEF1,674.114655079449,-0.393269068571485,0.0780958735083549,-5.03572149083411,4.76052306583618e-07,0.0119198737045472,LEF1,Treg,Resting
ETS1,1161.38939650216,-0.214891295066223,0.0747381645943994,-2.87525518230783,0.00403701080324068,0.0453650536025181,MED11,Teff,Resting
ATF4,1738.16865612141,-0.171676265274704,0.0551345039187555,-3.11377183202157,0.00184712271708591,0.0297720639691238,MED11,Teff,Stimulated
BATF,2790.38579210608,0.178224107629326,0.0508740324901838,3.50324318528739,0.00045962963017531,0.0107217823224651,MED11,Teff,Stimulated
ETS1,2860.92332119418,-0.234344902301399,0.049141994318253,-4.76872999463017,1.85390935982361e-06,0.00013485970915506,MED11,Teff,Stimulated
FOXP1,647.975720114202,0.471724289663714,0.120185208421195,3.92497792249554,8.67376925894419e-05,0.00305432696484541,MED11,Teff,Stimulated
GATA3,3454.11109377787,-0.264420969784145,0.0698817007311112,-3.78383707061704,0.00015442893791021,0.00472997442236354,MED11,Teff,Stimulated
IKZF1,2914.71895208679,-0.202677687165749,0.047796279936125,-4.24044899386746,2.23073122702672e-05,0.00105859206769247,MED11,Teff,Stimulated
IKZF3,165.256757594203,0.493285032316814,0.155908460801236,3.16394010807208,0.00155648822110427,0.026355421532542,MED11,Teff,Stimulated
IL2RB,1975.27473499159,-0.213736994271267,0.0614728510291397,-3.47693316143659,0.00050718423590621,0.0114681719763089,MED11,Teff,Stimulated
IRF4,2306.91946479116,-0.220667326548889,0.0732209970552843,-3.01371649422198,0.00258068840572603,0.0374470757245573,MED11,Teff,Stimulated
KMT2A,2334.24748069568,0.272651058714782,0.0431041594182398,6.32540020254769,2.52577103075583e-10,5.58549005741345e-08,MED11,Teff,Stimulated
MED11,473.314002162105,-2.55132411763681,0.164761764338995,-15.484928362308,4.3855079804322e-54,4.84905617396389e-50,MED11,Teff,Stimulated
MYB,965.681402623667,-0.325959535341833,0.0910536463642211,-3.57986251355571,0.0003437750335129,0.008698216351378,MED11,Teff,Stimulated
MYC,1640.80998674334,-0.614507239348518,0.0916316896463579,-6.7062742346031,1.99656353815926e-11,5.80947448458603e-09,MED11,Teff,Stimulated
RELA,935.79366510856,0.234292978020068,0.0653457761627802,3.58543415930098,0.0003365178982439,0.00855374345030542,MED11,Teff,Stimulated
RUNX1,1322.00235339917,-0.468052433629786,0.082430162752148,-5.67816947101186,1.36143797487511e-08,1.79207377240406e-06,MED11,Teff,Stimulated
SRF,432.899123307965,0.384066244610367,0.0863105454606775,4.44981829926385,8.59429692619667e-06,0.00049752429902071,MED11,Teff,Stimulated
STAT3,2324.91991765254,0.20602015755977,0.0681471283858561,3.02316711561583,0.00250144064623609,0.0365368946174801,MED11,Teff,Stimulated
STAT5A,882.935864889709,0.307484078456693,0.0935662195522882,3.28627233127507,0.00101522805394234,0.0189938690227419,MED11,Teff,Stimulated
STAT5B,619.139700316604,0.272414448384118,0.0892670060919819,3.05168124607449,0.00227563616116366,0.0342802575394913,MED11,Teff,Stimulated
TFAP4,468.341380785149,-0.271681480875466,0.092523231382664,-2.93635962358283,0.0033208908467459,0.0455571837375551,MED11,Teff,Stimulated
ETS1,1061.71135870842,-0.469379801592325,0.0917466895126056,-5.11604074311405,3.12015690552936e-07,7.95293326809372e-05,MED11,Treg,Resting
KLF2,1617.4503469224,-0.653428710597991,0.177183825345026,-3.68785756445648,0.00022615017604278,0.00910155269898491,MED11,Treg,Resting
KLF3,198.35816014624,-0.682753090828395,0.145763995955782,-4.68396249946051,2.81381510186101e-06,0.00046106370311922,MED11,Treg,Resting
PURA,194.964083061746,0.337039062733776,0.110351957330587,3.05421916282001,0.00225647170638712,0.0450117051691483,MED11,Treg,Resting
RUNX3,176.066408325877,0.505915670495809,0.154074176440574,3.28358510286075,0.00102495693477561,0.0258631102619171,MED11,Treg,Resting
ATF4,1034.6918729937,-0.387266708177384,0.0976935474560657,-3.96409710018509,7.367426205224e-05,0.00139437504442984,MED11,Treg,Stimulated
DDX39B,2804.65470179021,-0.170787370700789,0.0639982297152661,-2.66862648327364,0.00761620959694036,0.0490235039512616,MED11,Treg,Stimulated
DNMT1,1909.62686327636,-0.342501794155297,0.0571500476643692,-5.99302727036627,2.05970295484713e-09,2.14067058824457e-07,MED11,Treg,Stimulated
ETS1,3062.10045049807,-0.477480821647841,0.0928975557524983,-5.13986420611503,2.74937091286995e-07,1.38804199598941e-05,MED11,Treg,Stimulated
FLI1,609.538960207076,-0.36643470668716,0.112329635948447,-3.26213740116931,0.00110575533456928,0.0115319950809406,MED11,Treg,Stimulated
FOXP1,910.694358125482,0.420685070321627,0.135413204146432,3.10667687817734,0.0018920308159449,0.0173618690172162,MED11,Treg,Stimulated
GATA3,2234.88521519931,-0.348179594267569,0.113558515350388,-3.06608089400651,0.00216884627960131,0.0191366224957763,MED11,Treg,Stimulated
IKZF1,2038.90941819687,-0.339647416570301,0.0973185691143088,-3.49005764944362,0.00048291635945184,0.00616088849687988,MED11,Treg,Stimulated
IL2RA,12841.4206426926,-0.333914435390384,0.111900085898915,-2.98404092104117,0.00284468724308336,0.0232894056454713,MED11,Treg,Stimulated
KLF2,778.859800641878,-1.76410509346599,0.536667249461495,-3.28714877838388,0.00101207348397609,0.0108556696126147,MED11,Treg,Stimulated
KMT2A,1681.15478688632,0.272675907500637,0.0901720073156828,3.02395294967792,0.00249495237011568,0.0211081724730629,MED11,Treg,Stimulated
MED11,357.144312279935,-3.97514069677832,0.31157176797673,-12.75834688936,2.80081901021491e-37,1.68833369935755e-33,MED11,Treg,Stimulated
MYB,715.052940269817,-0.655112400457898,0.148923142009534,-4.39899663422331,1.08752513007949e-05,0.00029529736414951,MED11,Treg,Stimulated
MYC,1053.74173978867,-1.33180516991313,0.195582541082126,-6.8094276848254,9.79877726167664e-12,2.10953676190667e-09,MED11,Treg,Stimulated
PTEN,719.186799539751,0.217667434500864,0.0803833006496619,2.70786883272601,0.00677167798541306,0.0449555890925881,MED11,Treg,Stimulated
RELA,717.414172204374,0.410554291540062,0.095074597182103,4.31823330004437,1.57283127943626e-05,0.00039422149490402,MED11,Treg,Stimulated
RUNX1,618.962301449407,-0.307633896337531,0.0993494281217757,-3.09648381629791,0.00195830551409324,0.0177781109020392,MED11,Treg,Stimulated
SMARCB1,907.305862192513,-0.251987754949394,0.0707475654224237,-3.56178694552683,0.00036833924234885,0.00496538885033441,MED11,Treg,Stimulated
STAT3,1891.6089555355,0.336013885683642,0.106800001494504,3.1461973874685,0.001654083322272,0.0158016073956507,MED11,Treg,Stimulated
TFAP4,251.851819938955,-0.606005253775479,0.163356375756632,-3.70971289592214,0.000207494413273,0.00321123574636633,MED11,Treg,Stimulated
YBX1,9945.64128014674,-0.195473329479522,0.0480081999335624,-4.07166546027624,4.66781871654074e-05,0.00094899194682319,MED11,Treg,Stimulated
ZBTB32,1196.11574171173,-0.412818354676631,0.110789879168812,-3.72613778238366,0.00019443614787111,0.00304827334035656,MED11,Treg,Stimulated
ABCF1,240.727300689907,-0.288812048590511,0.0939960536759368,-3.07259759634406,0.00212204429550294,0.0213053247268495,MED12,Teff,Resting
ARID5A,194.93030357414,0.428389434951798,0.143390295933493,2.98757619658232,0.00281199189144382,0.0266441955606013,MED12,Teff,Resting
BATF,283.430114504848,0.32992534193019,0.113818135073886,2.89870627133379,0.00374705744885237,0.0333070868126821,MED12,Teff,Resting
BCL11B,456.276768293761,-0.335973777455758,0.0746051446707406,-4.50335937204507,6.68876342987664e-06,0.00016004273021654,MED12,Teff,Resting
CEBPB,225.306887963486,0.391226985271382,0.102236833347186,3.82667354282006,0.00012988658855106,0.0021180614268054,MED12,Teff,Resting
ETS1,1161.38939650216,-0.962763762799847,0.0712941703943475,-13.5041021934127,1.47905816787489e-41,1.45641720053588e-38,MED12,Teff,Resting
FLI1,355.736268253079,-0.25768502325696,0.0747161099398319,-3.44885491849711,0.00056296908956774,0.00726799309637028,MED12,Teff,Resting
FOXO1,250.573340979704,-0.483802211902178,0.109402121258657,-4.42223794507912,9.76837920624163e-06,0.00022490111909909,MED12,Teff,Resting
IKZF1,1042.22283710318,-0.48592601191069,0.0549970786409376,-8.83548770077737,9.96624996011972e-19,1.63561494537811e-16,MED12,Teff,Resting
IKZF3,75.406367013577,0.918978032930158,0.17848699640533,5.14871139880257,2.62282071582235e-07,8.60890461108768e-06,MED12,Teff,Resting
IL4R,226.282752399961,-0.462719560664713,0.128877589151281,-3.59038032688179,0.00033019580800614,0.00460439710053012,MED12,Teff,Resting
IRF1,1575.07358335175,-0.533071402213964,0.11543926959292,-4.61776485674036,3.87895433741104e-06,9.6792386887327e-05,MED12,Teff,Resting
KLF13,556.324933381494,-0.36815169350682,0.0613764320477434,-5.99825830899461,1.99445087322379e-09,9.21695510041075e-08,MED12,Teff,Resting
KLF2,1740.55862983717,-1.93151757889764,0.224870657861837,-8.58946025801365,8.73788226986387e-18,1.3159250698415e-15,MED12,Teff,Resting
KLF3,96.4228249948482,-0.852072614207418,0.201804353083077,-4.22227073494615,2.41853356456333e-05,0.00049220426327464,MED12,Teff,Resting
KLF6,602.901534637811,-0.321790377287851,0.115529057084281,-2.78536314074735,0.00534678057172605,0.0443291049861821,MED12,Teff,Resting
KMT2A,763.41310958533,0.232850093956448,0.0706686498968127,3.29495602783477,0.00098437081800625,0.0114971996727173,MED12,Teff,Resting
LEF1,974.647043912686,-0.292777575148277,0.0865771248014142,-3.381696675881,0.00072039642606998,0.00890134618737637,MED12,Teff,Resting
MED12,55.2397597277069,-3.86515889989972,0.458847263041491,-8.42362853878505,3.65000240094315e-17,5.02405169187885e-15,MED12,Teff,Resting
MYC,243.622027261671,-1.99989005451095,0.196192144073446,-10.1935276968189,2.11931262102845e-24,6.78233021544628e-22,MED12,Teff,Resting
SATB1,608.407968260607,-0.223352576358645,0.0811079401937997,-2.75376955480517,0.005891323384353,0.0479433125512414,MED12,Teff,Resting
STAT3,432.310113771066,0.249736700626488,0.0700757251150877,3.56381186518352,0.00036550797016156,0.00503645589455129,MED12,Teff,Resting
STAT5A,238.388607770304,-0.306770338892563,0.107262707185757,-2.85999064298554,0.00423653507953946,0.036810146381963,MED12,Teff,Resting
STAT5B,253.948303258272,-0.365641885288873,0.0968909426126497,-3.77374680676433,0.00016081397299951,0.00251140158026892,MED12,Teff,Resting
TFAP4,48.5871441277036,-0.83466022723211,0.215685099756109,-3.86980940350502,0.00010892047150741,0.0018154830153208,MED12,Teff,Resting
TNFAIP3,334.941748893679,-0.750381463047305,0.11952964076466,-6.27778564586102,3.43428934670551e-10,1.74453721933243e-08,MED12,Teff,Resting
USP22,195.149954768239,0.282794068125742,0.101003178733176,2.79985314989749,0.00511258590861546,0.0426915930960121,MED12,Teff,Resting
YBX1,1660.30422661696,-0.190394276184225,0.0670455052312704,-2.83977688776405,0.00451450968297339,0.03859463612523,MED12,Teff,Resting
ARID5A,2089.42202339904,0.197150163397518,0.0634032586541741,3.10946420708203,0.0018742699190666,0.00906524005930764,MED12,Teff,Stimulated
ATF4,1738.16865612141,-0.350053898775536,0.0483463095869254,-7.24055055631801,4.46866969869269e-13,1.23033707380878e-11,MED12,Teff,Stimulated
CREM,2846.39073329047,0.303060512336993,0.0930595865690779,3.25662861302346,0.00112743840871845,0.0058004762269239,MED12,Teff,Stimulated
DDX39B,4135.42710955936,-0.0782784963657012,0.0313665683441487,-2.49560281847994,0.0125743307851912,0.0452433316676171,MED12,Teff,Stimulated
ERF,264.771428880303,0.247704992212083,0.0922580328858818,2.6849151717605,0.00725482167495918,0.0288462021218047,MED12,Teff,Stimulated
ETS1,2860.92332119418,-0.785410646910597,0.0454661629180329,-17.2746191123836,7.30541148188338e-67,7.629771751679e-64,MED12,Teff,Stimulated
FLI1,742.232135829098,-0.204559086232871,0.0670826811469462,-3.04935763948939,0.00229331294092747,0.0108018762876037,MED12,Teff,Stimulated
FOXO1,778.318729449621,-0.188475943618152,0.0761681197884283,-2.47447283905235,0.0133432966304418,0.0474974062741424,MED12,Teff,Stimulated
FOXP1,647.975720114202,0.922492635805433,0.112847145468004,8.17470953279002,2.96579495152001e-16,1.18224284250668e-14,MED12,Teff,Stimulated
FOXP3,589.638667959955,-0.919325313298161,0.274276178061642,-3.35182340586483,0.00080281210452598,0.00431009404712271,MED12,Teff,Stimulated
GATA3,3454.11109377787,-0.793708708927308,0.0676371184545698,-11.7348096291302,8.45162713885307e-32,1.35105296691094e-29,MED12,Teff,Stimulated
GFI1,639.682146047891,-0.771132337287663,0.0834488256291122,-9.24078117905404,2.44704098295311e-20,1.52124381106918e-18,MED12,Teff,Stimulated
HIVEP2,384.325458732808,0.461640210112705,0.0896606098914626,5.14875161647392,2.62225849611277e-07,3.07027665172666e-06,MED12,Teff,Stimulated
IFNGR1,288.308050527733,0.343041126743555,0.0918655222097502,3.73416618652984,0.00018833810751452,0.00119987994807748,MED12,Teff,Stimulated
IKZF1,2914.71895208679,-0.619929252430647,0.0437270927514136,-14.1772346026962,1.26743478544309e-45,4.96390833718787e-43,MED12,Teff,Stimulated
IKZF3,165.256757594203,1.02477792571614,0.13154629213667,7.79024561674033,6.68790588704129e-15,2.31798083244223e-13,MED12,Teff,Stimulated
IL15RA,287.516557900136,0.978774648699939,0.0897840060182099,10.9014365932995,1.13451718780698e-27,1.41058303684001e-25,MED12,Teff,Stimulated
IL2RA,11434.7058719491,-0.304973627294097,0.102969734767821,-2.96177928380372,0.00305866956942584,0.0137337682644383,MED12,Teff,Stimulated
IL2RB,1975.27473499159,-0.714338371013106,0.057135910631738,-12.5024413388154,7.23934025406618e-36,1.66781624147354e-33,MED12,Teff,Stimulated
IL4R,917.601293148619,-0.132620219660095,0.0540845047472159,-2.45209270714311,0.0142028064677577,0.0498993420327186,MED12,Teff,Stimulated
IRF4,2306.91946479116,-0.332226063774862,0.0691463881025291,-4.80467704664838,1.55001491231588e-06,1.55159959209843e-05,MED12,Teff,Stimulated
KLF2,369.909581712964,-2.18872306491832,0.422970231462025,-5.17465037043589,2.28338152509922e-07,2.70790726511767e-06,MED12,Teff,Stimulated
KLF3,96.7337319576573,0.743219151620455,0.200232267899268,3.71178511544579,0.00020580267360979,0.00129847147997226,MED12,Teff,Stimulated
KLF6,1813.98314207354,0.434697067667778,0.079992886623171,5.43419653944408,5.50438850154042e-08,7.191972499177e-07,MED12,Teff,Stimulated
KMT2A,2334.24748069568,0.389236064249945,0.0375269822394801,10.3721653333598,3.31917005472845e-25,3.35471729531457e-23,MED12,Teff,Stimulated
LEF1,916.434381347484,0.268638206630235,0.0732156034972987,3.66913873270398,0.00024336898997654,0.0015081560905746,MED12,Teff,Stimulated
MED11,473.314002162105,0.462389378360888,0.0724904790542541,6.37862219140284,1.78688244959013e-10,3.65447786622441e-09,MED12,Teff,Stimulated
MED12,169.441377918164,-3.31854936367366,0.222608001259513,-14.9075924715075,2.94169462618696e-50,1.53615293379483e-47,MED12,Teff,Stimulated
MYB,965.681402623667,-0.632762448307173,0.0838872001354428,-7.54301546941043,4.59226655761972e-14,1.43856413599103e-12,MED12,Teff,Stimulated
MYC,1640.80998674334,-1.2947870911629,0.0876769222439703,-14.7677069179051,2.366276478202e-49,1.12333597901553e-46,MED12,Teff,Stimulated
NFIL3,1654.50837018163,-0.435477290646177,0.0679594780356061,-6.40789634108162,1.47541160523858e-10,3.03330685139995e-09,MED12,Teff,Stimulated
RARA,250.259376968035,0.246916045617972,0.0951474433260773,2.59508860129612,0.00945665377857537,0.0358277963954442,MED12,Teff,Stimulated
RBPJ,2001.59911089889,-0.5358747323914,0.0751696956431889,-7.12886659718643,1.01198754551968e-12,2.6780062310999e-11,MED12,Teff,Stimulated
RUNX1,1322.00235339917,-0.675309823848267,0.0747126615141943,-9.03876009985227,1.58458892891476e-19,9.02697096741039e-18,MED12,Teff,Stimulated
RUNX3,1590.40472054007,-0.281537943255496,0.0556522862832132,-5.0588747032378,4.21737856245536e-07,4.71587812701112e-06,MED12,Teff,Stimulated
SATB1,2500.63563942528,-0.763523524380383,0.0956361740181378,-7.98362682551037,1.42095172339769e-15,5.26256021247004e-14,MED12,Teff,Stimulated
SMARCB1,1322.0612532734,-0.133888303720838,0.0447908526952157,-2.98918854329244,0.00279719464825257,0.0127497385392856,MED12,Teff,Stimulated
SOCS3,244.715991759889,1.06664824881723,0.108279729884215,9.85085805032775,6.79612684021348e-23,5.35015693863238e-21,MED12,Teff,Stimulated
SRF,432.899123307965,0.493842059828823,0.0719517035971336,6.86352143368148,6.71834389087893e-12,1.6192242368386e-10,MED12,Teff,Stimulated
SS18,605.566369436212,0.228866342420819,0.0742661834004585,3.08170329942397,0.0020581987590291,0.00981245945190197,MED12,Teff,Stimulated
STAT5A,882.935864889709,0.281938766809434,0.0870797243759482,3.23770853467821,0.00120493842175845,0.00615072183619023,MED12,Teff,Stimulated
STAT5B,619.139700316604,0.292928690778876,0.0799110564650603,3.66568412103216,0.00024667825754059,0.00152745517100037,MED12,Teff,Stimulated
STAT6,593.608643148051,0.421145690128511,0.0700983147992182,6.00792888295238,1.87908226294109e-09,3.18589856398648e-08,MED12,Teff,Stimulated
TFAP4,468.341380785149,-0.470640186994572,0.0762294652386692,-6.17399302908698,6.65864779691774e-10,1.21862589236581e-08,MED12,Teff,Stimulated
TGIF2,614.657547134574,-0.249957121175573,0.0720957360094765,-3.46701670599102,0.00052626918069878,0.0029802709804294,MED12,Teff,Stimulated
TNFAIP3,1244.0097685496,-0.393544858265484,0.0942369027128919,-4.17612259036657,2.96520060987218e-05,0.00022748693807178,MED12,Teff,Stimulated
YBX1,12529.8618051086,-0.0835270982455616,0.0278917656918211,-2.99468664581729,0.00274726915824105,0.0125829424962408,MED12,Teff,Stimulated
ZBTB32,1146.2955763363,-0.515003510349705,0.0978897071584342,-5.26105885183795,1.43228177253424e-07,1.75572192867929e-06,MED12,Teff,Stimulated
ZEB1,1667.18059900798,-0.121073476821587,0.0459433881238985,-2.63527531959726,0.00840690622443095,0.0325593554788468,MED12,Teff,Stimulated
ZNF217,784.298015193371,0.192359061952646,0.0549958614029655,3.49770068229668,0.00046928749559407,0.00270189559205318,MED12,Teff,Stimulated
BCL11B,270.560118032289,-0.51477416384672,0.110548352901253,-4.6565520908895,3.21548950455572e-06,0.00019648693312944,MED12,Treg,Resting
CBFB,103.0579373254,-0.482423055685093,0.160275771825001,-3.00995621603889,0.00261285352155582,0.036650135843264,MED12,Treg,Resting
CEBPB,99.9784569525122,0.421941347138865,0.144698800902595,2.9159975376914,0.0035455329898983,0.0448580209118411,MED12,Treg,Resting
DNMT1,201.393581408182,-0.506460715204274,0.136465617119516,-3.71126973881426,0.00020622220741337,0.00535991112842737,MED12,Treg,Resting
ETS1,1061.71135870842,-1.07974739956981,0.0907650319185616,-11.8960724934092,1.24049105210923e-32,7.12538060331543e-29,MED12,Treg,Resting
FOXO1,298.475181914901,-0.588695461093969,0.110050523238963,-5.34931996475545,8.82853361700326e-08,8.45184951601112e-06,MED12,Treg,Resting
FOXP3,947.572608147923,-0.693109474745103,0.141823620311878,-4.88712298572633,1.02320181254407e-06,7.16740391616234e-05,MED12,Treg,Resting
IKZF1,485.023280783184,-0.40987909460927,0.0787946251351954,-5.20186616670872,1.972972875436e-07,1.691456148732e-05,MED12,Treg,Resting
IKZF3,122.839470423966,0.666346261252196,0.188655307510402,3.53208330073329,0.00041229945582541,0.00910864643946614,MED12,Treg,Resting
IL2RA,908.809139488806,-1.35470096186751,0.148987925233347,-9.09268962397959,9.66187579560559e-20,1.10995629139917e-16,MED12,Treg,Resting
IRF1,1030.54185745502,-0.654543964681056,0.134622707946083,-4.86206208942998,1.16169169457042e-06,7.96266673861912e-05,MED12,Treg,Resting
KLF2,1617.4503469224,-1.55377685405227,0.177615113563068,-8.74799910256824,2.17168992880003e-18,1.78202670728963e-15,MED12,Treg,Resting
KLF3,198.35816014624,-0.833715722813751,0.131768906416845,-6.32710512278466,2.49803183963302e-10,4.78289829561736e-08,MED12,Treg,Resting
KLF6,375.869176056091,-0.540660558708389,0.0947183736069413,-5.7080853283229,1.14254141379712e-08,1.44236436941772e-06,MED12,Treg,Resting
MED12,30.3508895107059,-4.13816934320737,0.746396345649598,-5.54419828999279,2.9530403896258e-08,3.3588641580219e-06,MED12,Treg,Resting
MYC,186.82846613418,-2.65433704201331,0.25407060026373,-10.4472419841495,1.50848257887425e-25,2.88824131101789e-22,MED12,Treg,Resting
SS18,82.0062329665801,0.473676076946834,0.14109130153741,3.35723089790365,0.00078727337450568,0.0150988078216846,MED12,Treg,Resting
STAT5A,172.285971142053,-0.504192087897582,0.125269745154868,-4.0248512302333,5.70113454389883e-05,0.00197868983807582,MED12,Treg,Resting
TFDP1,134.899950501872,-0.544150864108995,0.153070345931826,-3.5549071297673,0.00037811261857862,0.00848390187935788,MED12,Treg,Resting
TNFAIP3,315.915422123075,-0.746196447628941,0.12741452611139,-5.8564472231101,4.7287376669207e-09,6.70663436019567e-07,MED12,Treg,Resting
YBX1,989.477644363938,-0.358694976050113,0.108787037485162,-3.29722165748872,0.00097646405934919,0.0178909395754443,MED12,Treg,Resting
ZNF217,172.610272534307,0.431477291292266,0.105970305946959,4.07168109440234,4.66750536409892e-05,0.00166007125767085,MED12,Treg,Resting
ABCF1,883.107664305893,-0.208298284055566,0.0648635246190685,-3.21133156545012,0.00132121397171412,0.00859915374954328,MED12,Treg,Stimulated
ATF4,1034.6918729937,-0.355559253926918,0.0888707595695243,-4.00085760096111,6.31133311015065e-05,0.00066919367251386,MED12,Treg,Stimulated
BATF,3917.7332136561,-0.691263719248335,0.135163288714642,-5.11428603004576,3.14929844532773e-07,7.33881971047584e-06,MED12,Treg,Stimulated
BCL11B,682.479924193471,-0.396751145849651,0.101102227110736,-3.92425723139702,8.69977398240486e-05,0.00087906222446,MED12,Treg,Stimulated
BPTF,1167.65456160995,0.178200335241169,0.0555331386920376,3.20890083719903,0.00133243437797764,0.00864868889232843,MED12,Treg,Stimulated
CEBPZ,628.932011861257,-0.368874592044644,0.0881062781328451,-4.18670042432687,2.83039004891994e-05,0.00033916959338031,MED12,Treg,Stimulated
CIC,95.644765969972,0.352144114050333,0.132210268785532,2.6635156049911,0.00773288251323044,0.0366240344897277,MED12,Treg,Stimulated
DNMT1,1909.62686327636,-0.211626218362818,0.0491785499580691,-4.30322200518835,1.68332024409985e-05,0.00021823418000481,MED12,Treg,Stimulated
ERF,169.329888408521,0.298464455219244,0.109855536880065,2.71688131245577,0.0065900235043968,0.0320315480448242,MED12,Treg,Stimulated
ETS1,3062.10045049807,-1.06771413071093,0.0904149110655209,-11.8090491726214,3.50502519186621e-32,7.31598901119389e-29,MED12,Treg,Stimulated
FOXO1,802.408811280414,-0.427483908971437,0.0876202684795661,-4.8788244591048,1.06719991679514e-06,2.03828208945018e-05,MED12,Treg,Stimulated
FOXP1,910.694358125482,0.6557656265037,0.129920538526126,5.04743617862877,4.47778277872676e-07,9.83832844811679e-06,MED12,Treg,Stimulated
FOXP3,5551.82958303867,-0.879729094752888,0.130513833360863,-6.7405046047532,1.57837501563855e-11,1.16472915926742e-09,MED12,Treg,Stimulated
GATA3,2234.88521519931,-0.732196862052464,0.110257985412178,-6.64076038860394,3.12068999470663e-11,2.13067296788124e-09,MED12,Treg,Stimulated
IFNGR2,118.587996034211,0.590967867969057,0.164232738427114,3.59835605025443,0.00032023501656105,0.00266607055668011,MED12,Treg,Stimulated
IKZF1,2038.90941819687,-0.672480398740247,0.0934017446678954,-7.19986977899992,6.02700919210913e-13,6.29004509327904e-11,MED12,Treg,Stimulated
IKZF2,1041.56223576562,-0.511289474657199,0.170347889599397,-3.00144296392275,0.00268703371629391,0.0155036867195088,MED12,Treg,Stimulated
IL2RA,12841.4206426926,-0.996003496850732,0.111497926225951,-8.93293293036079,4.14861195296286e-19,1.44322307725572e-16,MED12,Treg,Stimulated
IL2RB,1586.52963824513,-0.761449060883051,0.168343586771446,-4.52318425362316,6.09161665145296e-06,9.10067596057047e-05,MED12,Treg,Stimulated
JAK3,629.788175203415,0.263462038985328,0.093551305116589,2.81623050215052,0.00485907905921703,0.0250869272559081,MED12,Treg,Stimulated
JUNB,4746.96427898961,-0.532105226803592,0.101432183766865,-5.24592103849995,1.55503496311711e-07,3.96983671478021e-06,MED12,Treg,Stimulated
KLF2,778.859800641878,-2.17174462169169,0.529143785374909,-4.10426179370692,4.05607951352983e-05,0.00046235467290188,MED12,Treg,Stimulated
MED11,357.144312279935,0.45562529287256,0.10669668938123,4.27028519361645,1.95223167986156e-05,0.00024733054767109,MED12,Treg,Stimulated
MED12,122.875465577624,-3.50840404043338,0.271869452760377,-12.9047379351061,4.23252952025521e-38,2.06138296068163e-34,MED12,Treg,Stimulated
MYB,715.052940269817,-0.716619790044681,0.138287265741015,-5.18210976408174,2.19390035447226e-07,5.31593334646671e-06,MED12,Treg,Stimulated
MYC,1053.74173978867,-1.9609006353795,0.189698584023305,-10.3369281614596,4.7966706845531e-25,3.89356418733363e-22,MED12,Treg,Stimulated
MYNN,352.720113848141,-0.271534352830149,0.105566017137283,-2.5721757833966,0.0101061564167664,0.0452324420787924,MED12,Treg,Stimulated
NFIL3,521.400094241536,0.697879184927729,0.204095914693701,3.41936871188764,0.00062766613126491,0.00463407268514994,MED12,Treg,Stimulated
PRDM1,985.047512982434,-0.665605200874723,0.177410808457753,-3.75177367523933,0.0001755879410314,0.00161251754016961,MED12,Treg,Stimulated
RUNX3,1202.93011000954,-0.523935576179141,0.0954973586293453,-5.48638814412341,4.10234981508335e-08,1.25659188989901e-06,MED12,Treg,Stimulated
SATB1,1766.78068358899,-1.06944210296793,0.146605051303269,-7.29471524658226,2.99291388484702e-13,3.44326494263778e-11,MED12,Treg,Stimulated
SS18,345.519950951797,0.625053541811663,0.0828480334100666,7.54457910567271,4.53750541132183e-14,6.0270446877112e-12,MED12,Treg,Stimulated
STAT6,322.273821430704,0.550198331883652,0.0790242793999084,6.96239606437068,3.34533396568592e-12,2.87521615133158e-10,MED12,Treg,Stimulated
TCF3,469.794567346385,-0.22156192424447,0.0863548659066934,-2.56571441479474,0.0102963562663037,0.0459078612776817,MED12,Treg,Stimulated
TFAP4,251.851819938955,-0.6662852547915,0.138606817944583,-4.80701645613053,1.53199384852112e-06,2.77372516985651e-05,MED12,Treg,Stimulated
TGIF2,510.031003078937,-0.380588237084571,0.0693817203024732,-5.48542520170122,4.12476061192192e-08,1.26081333265254e-06,MED12,Treg,Stimulated
TNFAIP3,1737.02637014722,-1.04263432600203,0.133742681713899,-7.7958233874241,6.39898344838026e-15,1.07466146165844e-12,MED12,Treg,Stimulated
YBX1,9945.64128014674,-0.16124388422707,0.0464017636233502,-3.47495163192308,0.00051094546952976,0.00393123973422823,MED12,Treg,Stimulated
ZBTB32,1196.11574171173,-1.30092054400153,0.106863015375565,-12.1737210898411,4.29066679875965e-34,1.04484887661129e-30,MED12,Treg,Stimulated
ZNF217,519.568446346643,0.418692087553109,0.0904860428558336,4.62714551701844,3.70740034256888e-06,5.96510698887659e-05,MED12,Treg,Stimulated
ETS1,1161.38939650216,-0.345442074680689,0.0675317734506088,-5.11525252529222,3.1332149437948e-07,3.70858714256439e-05,MED24,Teff,Resting
FOXP1,440.458448108376,0.299144316605818,0.0801170813588026,3.73383942016193,0.0001885827556412,0.00715149751004395,MED24,Teff,Resting
GATA3,675.749521385699,0.466378788786574,0.0800383749777521,5.8269397512907,5.645298101134e-09,1.22502968794608e-06,MED24,Teff,Resting
IKZF3,75.406367013577,0.713407745892325,0.178122917929959,4.0051429326621,6.19799924754185e-05,0.00286501598353828,MED24,Teff,Resting
IRF1,1575.07358335175,-0.663982459573533,0.11519307931234,-5.76408290790784,8.2103050407575e-09,1.68786586785257e-06,MED24,Teff,Resting
IRF4,117.52081916413,0.533791159729862,0.148800246916793,3.5873002282607,0.00033411953893866,0.0114479905183722,MED24,Teff,Resting
MYC,243.622027261671,-0.988828827649691,0.180397931862628,-5.48137563130535,4.220313508927e-08,6.59381782634754e-06,MED24,Teff,Resting
STAT5A,238.388607770304,-0.341481914252874,0.105184247229636,-3.24651193735653,0.00116828548470591,0.0299234301853198,MED24,Teff,Resting
TFAP4,48.5871441277036,-0.999229325337695,0.214149686079937,-4.66603217417142,3.07071639565346e-06,0.00026360919211917,MED24,Teff,Resting
TNFAIP3,334.941748893679,-0.396706033784607,0.114360684564504,-3.46890223065121,0.00052258959472288,0.0160727161967527,MED24,Teff,Resting
ZNF217,358.90629862352,0.259000786624955,0.0806888029695173,3.20987270963482,0.00132793764180061,0.0327250752610295,MED24,Teff,Resting
BATF,2790.38579210608,0.158805957978685,0.0471218358910183,3.3701139816786,0.00075137097153334,0.0119209643849207,MED24,Teff,Stimulated
BCL11B,577.002835860242,-0.421731041033976,0.0676433901832648,-6.23462307095178,4.52867178041981e-10,4.26761032917506e-08,MED24,Teff,Stimulated
CREM,2846.39073329047,0.340018845294933,0.0930885120422551,3.65264024351996,0.000259557754782,0.00509207241978766,MED24,Teff,Stimulated
ETS1,2860.92332119418,-0.227557002649544,0.0442145976081756,-5.1466487304968,2.65181226075058e-07,1.43603304450977e-05,MED24,Teff,Stimulated
FOXN2,701.102931533117,0.181194827742823,0.0612065653271697,2.96038222001637,0.00307257580980974,0.035014005206571,MED24,Teff,Stimulated
FOXO1,778.318729449621,0.233817966280252,0.0747383990046939,3.12848508121731,0.00175709930739155,0.0226864248106607,MED24,Teff,Stimulated
FOXP1,647.975720114202,0.848935740164041,0.113145813306227,7.50302388888585,6.23621816054251e-14,1.38518032193067e-11,MED24,Teff,Stimulated
HIVEP2,384.325458732808,0.375885203307495,0.0905260814520392,4.15223101760612,3.29249638370906e-05,0.00096962168783162,MED24,Teff,Stimulated
IKZF1,2914.71895208679,-0.184081469949178,0.0428329663115959,-4.29765869143979,1.72611677331455e-05,0.00056347274257088,MED24,Teff,Stimulated
IKZF3,165.256757594203,1.19297104867713,0.130986388038428,9.10759557952802,8.42278775365754e-20,5.25622064341343e-17,MED24,Teff,Stimulated
IL2RA,11434.7058719491,0.761238982843828,0.102798467986195,7.40515882927413,1.30993592619135e-13,2.64103235580579e-11,MED24,Teff,Stimulated
IRF1,2344.53732354358,-0.60469740539417,0.0783814074982639,-7.71480667028803,1.21165757217143e-14,3.11348480064834e-12,MED24,Teff,Stimulated
MBD2,1759.53492969948,0.310489240109843,0.0440066044646432,7.05551459575354,1.71963130541878e-12,2.68282955446585e-10,MED24,Teff,Stimulated
MYC,1640.80998674334,-0.541425751711015,0.0855624087319413,-6.3278460685609,2.4860695528778e-10,2.4133289992936e-08,MED24,Teff,Stimulated
PRDM1,644.544699441959,0.397678261323562,0.104669789060225,3.79936049259395,0.00014506994634524,0.0031836786059079,MED24,Teff,Stimulated
PTEN,808.211413744144,0.198239152678296,0.0672929637160231,2.94591204980757,0.00322003944285487,0.0362219887541744,MED24,Teff,Stimulated
RBPJ,2001.59911089889,-0.210219924231663,0.0746382924528342,-2.81651572300513,0.0048547666629638,0.0482502163603055,MED24,Teff,Stimulated
RUNX1,1322.00235339917,-0.229224920363664,0.0733762133605489,-3.12396769832372,0.00178430043656984,0.0229698008067267,MED24,Teff,Stimulated
RUNX3,1590.40472054007,0.305054657343467,0.0542344454870143,5.62474004489468,1.85787538886195e-08,1.26152626792932e-06,MED24,Teff,Stimulated
SATB1,2500.63563942528,-0.557664955512357,0.0954410057233858,-5.8430330997205,5.12588276048822e-09,3.93483793995658e-07,MED24,Teff,Stimulated
SOCS3,244.715991759889,0.74220400233485,0.110424035818952,6.72139898555913,1.79987995409232e-11,2.18402099984998e-09,MED24,Teff,Stimulated
STAT3,2324.91991765254,0.283313700025821,0.0646557059466358,4.38188240121693,1.17658314559136e-05,0.00041209956597914,MED24,Teff,Stimulated
TFAP4,468.341380785149,-0.295755889502194,0.0753614712832043,-3.92449728576502,8.69110392107045e-05,0.00216264351022723,MED24,Teff,Stimulated
ZMYND8,423.931638608397,-0.297499128975805,0.0816400389685674,-3.64403462730274,0.0002683972867392,0.00521861490017409,MED24,Teff,Stimulated
ETS1,1061.71135870842,-0.382857731915331,0.0849013736788749,-4.50944095867549,6.4998680426213e-06,0.00152710788623586,MED24,Treg,Resting
GATA3,408.29887131816,0.508843672322889,0.113770150204793,4.47255867560112,7.72891830625891e-06,0.00159698950274555,MED24,Treg,Resting
IRF1,1030.54185745502,-0.592033939452278,0.132706137131245,-4.46124009221038,8.14867332115709e-06,0.00159698950274555,MED24,Treg,Resting
KLF6,375.869176056091,-0.287567128205981,0.0853973673170647,-3.367400392313,0.0007588043232035,0.0391339449125319,MED24,Treg,Resting
MYC,186.82846613418,-1.31432345599557,0.214594511183042,-6.12468347279625,9.08640568685305e-10,7.27773533560016e-07,MED24,Treg,Resting
TNFAIP3,315.915422123075,-0.428856017248437,0.117545482145504,-3.64842620422941,0.00026385166708769,0.0206634944465531,MED24,Treg,Resting
ZNF217,172.610272534307,0.363230454736766,0.0990517433447162,3.66707785720303,0.00024533811204263,0.0195761297326095,MED24,Treg,Resting
ETS1,3062.10045049807,-0.415518788858563,0.0897499733102649,-4.62973718579412,3.66130129764521e-06,0.00057712569311738,MED24,Treg,Stimulated
IL2RA,12841.4206426926,0.372956492817572,0.111250378695153,3.35240650137061,0.00080112295957964,0.0299647143593281,MED24,Treg,Stimulated
IRF1,2107.70941842373,-0.547820583237847,0.128428692751822,-4.26556224703204,1.99399408567579e-05,0.0021155510328218,MED24,Treg,Stimulated
MYC,1053.74173978867,-0.975129048267283,0.187349206440926,-5.20487418544128,1.94128084739836e-07,5.95002579727598e-05,MED24,Treg,Stimulated
SATB1,1766.78068358899,-0.811021686146875,0.146267796962349,-5.54477269084487,2.94336290179857e-08,1.36058606819369e-05,MED24,Treg,Stimulated
SOCS3,203.032391807782,0.847234188051143,0.209990961032473,4.0346221755713,5.46902277827774e-05,0.0042940157495439,MED24,Treg,Stimulated
MEF2D,98.9176976615799,-1.65746492380678,0.212077768334182,-7.81536384895856,5.48044876974758e-15,1.41247606142704e-10,MEF2D,Teff,Resting
MEF2D,240.462329271192,-2.04830988829568,0.159757922088208,-12.8213353148443,1.24537101314744e-37,1.50453272098342e-33,MEF2D,Teff,Stimulated
MEF2D,73.0988863104617,-1.25513306889395,0.207572259842947,-6.04672835302561,1.47816672420334e-09,2.74399607217024e-05,MEF2D,Treg,Resting
MEF2D,277.892322014706,-1.55259953454432,0.147752221054544,-10.5081299182038,7.92494043123061e-26,2.08933129528964e-21,MEF2D,Treg,Stimulated
FLI1,355.736268253079,-0.315237087275443,0.0774836204208055,-4.06843518105405,4.73299232791052e-05,0.00398598913089359,MYB,Teff,Resting
FOXP3,69.9408194400798,1.03296752293905,0.288057365225434,3.5859785155316,0.00033581660720903,0.0211762974821814,MYB,Teff,Resting
IL2RB,183.770062648225,0.565972940150537,0.111355882350091,5.08255988104141,3.72381859584715e-07,5.81324412749261e-05,MYB,Teff,Resting
KLF2,1740.55862983717,-1.70380160768963,0.224682201714611,-7.58316232744501,3.37232481246383e-14,1.99979968185601e-11,MYB,Teff,Resting
KLF3,96.4228249948482,-1.12058333498493,0.211509747828049,-5.29802217860868,1.17063750447841e-07,2.11060995701805e-05,MYB,Teff,Resting
MYB,81.3616186634853,-1.1777773027169,0.244525352413053,-4.81658564682238,1.4603549871932e-06,0.00020101079775333,MYB,Teff,Resting
RBPJ,312.060497884631,0.320382490917633,0.0959103512181121,3.34043705239952,0.00083646640427526,0.0413421098113037,MYB,Teff,Resting
STAT5B,253.948303258272,-0.452371994740476,0.100218631977221,-4.51385122522227,6.36608829264481e-06,0.00071074178569309,MYB,Teff,Resting
BATF,2790.38579210608,0.24524534795457,0.0481465520587178,5.0937260814747,3.51093926232347e-07,4.07842857962786e-05,MYB,Teff,Stimulated
CBFB,919.091678947756,-0.257423423989915,0.0626316289715225,-4.11011861286508,3.95455931686127e-05,0.00211393942951332,MYB,Teff,Stimulated
CREB1,978.789645285704,-0.185222940557619,0.0559488283913421,-3.31057764538073,0.00093103618057324,0.0250608051068083,MYB,Teff,Stimulated
FLI1,742.232135829098,-0.270272892385682,0.0719862461489141,-3.75450737945945,0.00017368272836405,0.00704114443411458,MYB,Teff,Stimulated
IL2RB,1975.27473499159,0.260386519992719,0.0562176044235348,4.63176121897701,3.62568170814762e-06,0.00029397221957135,MYB,Teff,Stimulated
IRF4,2306.91946479116,-0.292270494006823,0.0706034707286751,-4.13960519207336,3.47904045756997e-05,0.00191919122227867,MYB,Teff,Stimulated
JUNB,7106.92054255494,-0.249564598038889,0.0625775511904035,-3.98808507670017,6.66087781107778e-05,0.00328449244227064,MYB,Teff,Stimulated
KLF2,369.909581712964,-2.53513776569275,0.430498613879396,-5.88884071622811,3.88914057179761e-09,8.39012629426551e-07,MYB,Teff,Stimulated
KLF6,1813.98314207354,0.518587244519704,0.0809121244554679,6.40926496504393,1.46222877109991e-10,4.01481495083136e-08,MYB,Teff,Stimulated
MTF2,921.024157299712,-0.255638334306739,0.0719519963404804,-3.55290120231057,0.00038100753138322,0.0129296404119121,MYB,Teff,Stimulated
MYB,965.681402623667,-1.98756079334626,0.100710908375996,-19.7353079760325,1.07291113485572e-86,1.2961839420192e-82,MYB,Teff,Stimulated
RAD21,4420.1006838731,-0.283954911148047,0.0445129751992722,-6.37914922282457,1.78074460586287e-10,4.78070568520652e-08,MYB,Teff,Stimulated
RBPJ,2001.59911089889,0.463188065178931,0.0744951053375404,6.21769796928545,5.04501448480238e-10,1.2697670831437e-07,MYB,Teff,Stimulated
STAT5A,882.935864889709,0.290911049495018,0.0893276777246283,3.25667314885106,0.00112726154660182,0.0286101822363374,MYB,Teff,Stimulated
BATF,477.051575069272,1.02152347847908,0.213610976664374,4.78216753853477,1.73415048282095e-06,0.00015686551769013,MYB,Treg,Resting
ETS1,1061.71135870842,-0.356589136045826,0.0878807330612078,-4.0576486292788,4.9569270710617e-05,0.00266098963515686,MYB,Treg,Resting
FOXP3,947.572608147923,0.683676103607593,0.138608877906561,4.93241207874488,8.12203418317717e-07,7.97486570054182e-05,MYB,Treg,Resting
IL2RB,197.832598788609,0.992218688384856,0.130161868478485,7.62295978064316,2.47924146166331e-14,1.29461481416309e-11,MYB,Treg,Resting
IRF1,1030.54185745502,-0.509371060735405,0.134839748934695,-3.77760315307395,0.00015834492772735,0.00676232910680977,MYB,Treg,Resting
KLF13,326.455237680087,-0.391894457065737,0.111896819043595,-3.50228416156365,0.00046128735854943,0.0156238850303993,MYB,Treg,Resting
KLF2,1617.4503469224,-2.0936541642773,0.180336411171194,-11.6097140376703,3.67843714918172e-31,1.05644714924499e-27,MYB,Treg,Resting
KLF3,198.35816014624,-1.42518229388468,0.14999114754605,-9.50177605279751,2.06340545158118e-21,2.96305022847058e-18,MYB,Treg,Resting
LEF1,674.114655079449,-0.38577497735406,0.0823718805039284,-4.68333337777401,2.82246900079675e-06,0.00022996116227768,MYB,Treg,Resting
MBD2,174.56300414127,0.351943134733093,0.114102511403674,3.08444687503837,0.00203931027103635,0.0438719033589242,MYB,Treg,Resting
NFKB2,262.531987931211,1.11055049221814,0.270289336387822,4.10874697115198,3.97811635829064e-05,0.00225126111941098,MYB,Treg,Resting
STAT3,260.387031061017,0.343620614721308,0.0967734554161383,3.55077343517079,0.00038410091368032,0.0134120100193299,MYB,Treg,Resting
THRA,52.1484990364064,0.836254807924595,0.213316128863385,3.92026056529538,8.84532793002309e-05,0.00428755811224073,MYB,Treg,Resting
DNMT1,1909.62686327636,-0.18767230670336,0.0522614027610236,-3.59103079497372,0.00032937271173598,0.0242506722967807,MYB,Treg,Stimulated
FLI1,609.538960207076,-0.615800826400958,0.107049778407293,-5.75247175251514,8.79479670723242e-09,5.75091756685928e-06,MYB,Treg,Stimulated
FOXP1,910.694358125482,0.61411159430241,0.132406222429072,4.63808711581801,3.51648573836484e-06,0.00080681755239184,MYB,Treg,Stimulated
KLF2,778.859800641878,-3.07956084560412,0.545184364911835,-5.64865950640777,1.61703773101139e-08,1.00702949743652e-05,MYB,Treg,Stimulated
MED30,662.704910071975,-0.236476015983161,0.0701367901239089,-3.37164012731956,0.00074722015843763,0.0423036590131921,MYB,Treg,Stimulated
MYB,715.052940269817,-2.44325494956663,0.162559030302906,-15.0299552415757,4.67321414652171e-51,6.11162946082109e-47,MYB,Treg,Stimulated
RAD21,3489.2476681139,-0.347657993649813,0.0967678226058912,-3.59270245302231,0.00032726621054642,0.0242506722967807,MYB,Treg,Stimulated
RBPJ,856.434186363803,0.443220397183416,0.112751128756406,3.93096195197276,8.4606662000413e-05,0.0095386717727707,MYB,Treg,Stimulated
TGIF2,510.031003078937,0.242305825635995,0.0720862438251088,3.36133238158257,0.00077567420676828,0.0429736202783301,MYB,Treg,Stimulated
ARID5A,194.93030357414,0.655360955799878,0.150981474828569,4.34067130781445,1.42048075060917e-05,0.0004978198593878,MYC,Teff,Resting
BATF,283.430114504848,0.408362614801879,0.121803637444741,3.35263070437564,0.00080047435362774,0.0179871295932823,MYC,Teff,Resting
MYC,243.622027261671,-0.567069426740293,0.189171534099755,-2.9976467095798,0.00272072870071631,0.0487942893743489,MYC,Teff,Resting
REST,377.326279645691,0.274980407585462,0.0815017819169702,3.37391896370558,0.00074106180036248,0.0168503337939565,MYC,Teff,Resting
STAT3,432.310113771066,0.361087274287902,0.0787917089590515,4.58280800173481,4.58773243677582e-06,0.00017702159503518,MYC,Teff,Resting
TNFAIP3,334.941748893679,0.4346877893654,0.117609606537611,3.69602281788427,0.00021900329824564,0.0057300862965641,MYC,Teff,Resting
YBX1,1660.30422661696,-0.254394599882613,0.0709123127349421,-3.58745315264919,0.00033392370407248,0.00828304252959014,MYC,Teff,Resting
ARID5A,2089.42202339904,0.429911545088772,0.0653507084392299,6.5785292211262,4.75124507567732e-11,5.96983145474593e-09,MYC,Teff,Stimulated
ATF4,1738.16865612141,-0.170972950505543,0.0526074509470616,-3.24997595260016,0.00115414767525488,0.0154309683739942,MYC,Teff,Stimulated
BACH2,1418.5690028934,0.321008133823844,0.0925180577365004,3.46968085666155,0.00052107711899992,0.00812388432769274,MYC,Teff,Stimulated
GATA3,3454.11109377787,0.291414774828613,0.0676423988125543,4.30816736165966,1.64612809545183e-05,0.000461960364249,MYC,Teff,Stimulated
IL4R,917.601293148619,0.252146538597114,0.058648138842071,4.29931014991114,1.71330568897151e-05,0.0004794634114872,MYC,Teff,Stimulated
JAK3,984.484173869209,0.196393547267746,0.0595935662801112,3.29554949513553,0.00098229398211803,0.0135258089169104,MYC,Teff,Stimulated
KLF2,369.909581712964,-1.7904857030639,0.427471348399315,-4.18855137255035,2.807407637529e-05,0.00074440062945223,MYC,Teff,Stimulated
LEF1,916.434381347484,0.434544593731042,0.0769716759532591,5.64551295459538,1.64689468799317e-08,1.09040206976889e-06,MYC,Teff,Stimulated
NFIL3,1654.50837018163,0.328050243990503,0.0689617919920031,4.75698549174221,1.9650528621027e-06,7.41555955504082e-05,MYC,Teff,Stimulated
PURA,977.709021558862,0.207881614247778,0.0533233153211326,3.89851255488971,9.67853834978012e-05,0.00208201553567157,MYC,Teff,Stimulated
RBPJ,2001.59911089889,0.455458190612692,0.0754044900724962,6.0401998630957,1.53923448140597e-09,1.36154525287246e-07,MYC,Teff,Stimulated
SOCS3,244.715991759889,0.373198912371478,0.123570472241776,3.02013017835913,0.00252666062034832,0.0285365541156194,MYC,Teff,Stimulated
STAT3,2324.91991765254,0.300040791478159,0.0666200852787154,4.50375874217051,6.67619949267164e-06,0.00021775438876244,MYC,Teff,Stimulated
STAT5A,882.935864889709,0.347803845770882,0.0910181923615117,3.82125635268006,0.00013277354807149,0.00274920809180988,MYC,Teff,Stimulated
TNFAIP3,1244.0097685496,0.266194978331498,0.095496343946963,2.78748868626152,0.00531183090279696,0.0499429543301242,MYC,Teff,Stimulated
YBX1,12529.8618051086,-0.194415147927792,0.0291765483503136,-6.66340464929267,2.67555658696498e-11,3.52186061691331e-09,MYC,Teff,Stimulated
ARID5A,252.081592027169,0.734634126976496,0.168808803731488,4.35187093763797,1.34980715732294e-05,0.00041206200912561,MYC,Treg,Resting
GATA3,408.29887131816,0.563319478289008,0.117698293648811,4.78613122438158,1.70026911493895e-06,5.90418450162549e-05,MYC,Treg,Resting
JUNB,377.463392673702,0.518285973738892,0.140052604648673,3.70065215880156,0.00021504608652823,0.00485689453963775,MYC,Treg,Resting
KLF3,198.35816014624,-0.487761417241334,0.12972747281151,-3.7598930023869,0.00016998604465468,0.00396824564748499,MYC,Treg,Resting
MYC,186.82846613418,-1.38728785514255,0.227598070637259,-6.09534101610899,1.09204398070329e-09,7.98341625893092e-08,MYC,Treg,Resting
NFKB2,262.531987931211,0.943827715749995,0.270809857261638,3.48520443566474,0.00049176116955603,0.0104964507123409,MYC,Treg,Resting
STAT3,260.387031061017,0.394299020384107,0.0965363500655901,4.08446165735712,4.41791203370628e-05,0.00119154947860544,MYC,Treg,Resting
STAT5B,158.636214607686,-0.552166985144519,0.136841384763271,-4.03508767541151,5.45819122374845e-05,0.00143045803958238,MYC,Treg,Resting
TNFAIP3,315.915422123075,0.408981288209353,0.117701646566242,3.47472869021572,0.00051137026899543,0.010756212558439,MYC,Treg,Resting
ARID5A,1696.27052831369,1.12073098549987,0.168292772677763,6.65941244931403,2.74924414717208e-11,1.43359963475152e-09,MYC,Treg,Stimulated
BATF,3917.7332136561,0.547212006801131,0.13565144453964,4.03395635526184,5.48455092050909e-05,0.00063002149376634,MYC,Treg,Stimulated
CEBPZ,628.932011861257,-0.414799737431741,0.102382344078727,-4.05147724604527,5.08952763163919e-05,0.00059222309024823,MYC,Treg,Stimulated
DDX39B,2804.65470179021,-0.230329562883189,0.0642240476724267,-3.5863445427479,0.00033534582554503,0.00297829751916925,MYC,Treg,Stimulated
DNMT1,1909.62686327636,-0.230954929640461,0.0562680848332979,-4.10454577092321,4.05110061995276e-05,0.00048764541657994,MYC,Treg,Stimulated
FOXO1,802.408811280414,0.500496187190171,0.0919153090445828,5.44518853706306,5.17505418890422e-08,1.3662795376462e-06,MYC,Treg,Stimulated
FOXP3,5551.82958303867,0.6609512919018,0.130655148281931,5.05874663641713,4.22021151226338e-07,9.11261135302644e-06,MYC,Treg,Stimulated
GATA3,2234.88521519931,0.530589474424195,0.111269598717143,4.76850353143628,1.85599420269045e-06,3.40998233117119e-05,MYC,Treg,Stimulated
IFNGR2,118.587996034211,0.642757587048067,0.187752522580286,3.42342983313694,0.00061836213607976,0.005049354752511,MYC,Treg,Stimulated
IKZF1,2038.90941819687,0.299977591887654,0.0951634429631443,3.15223559118003,0.00162025488479768,0.0111327190471583,MYC,Treg,Stimulated
IL2RA,12841.4206426926,0.333880006326336,0.111590315991196,2.992015959097,0.00277141774647114,0.0171484031609566,MYC,Treg,Stimulated
IL4R,472.690995510938,0.53212282533334,0.188712487378417,2.819754181218,0.00480604508496625,0.026783844160874,MYC,Treg,Stimulated
IRF1,2107.70941842373,0.428340543523848,0.129566249503315,3.30595772561039,0.00094652367008943,0.00715762600860368,MYC,Treg,Stimulated
IRF2,701.729607350559,0.313031440653169,0.103267593293942,3.03126499483872,0.00243531412380412,0.0154179307777564,MYC,Treg,Stimulated
JAK3,629.788175203415,0.488680436378941,0.1011410734841,4.83167144212451,1.35391557994932e-06,2.54329702439807e-05,MYC,Treg,Stimulated
JUNB,4746.96427898961,0.320759782937045,0.102115951613928,3.14113297548016,0.00168295600951665,0.0113830506843895,MYC,Treg,Stimulated
KLF13,708.986091398804,0.335598242108095,0.107576114865283,3.11963526967267,0.00181075098221867,0.0120928678457508,MYC,Treg,Stimulated
KLF6,1176.79118748282,0.439309703183342,0.128714545968432,3.41305405599679,0.00064239198650167,0.00520834844797842,MYC,Treg,Stimulated
KMT2A,1681.15478688632,0.241254376478441,0.0902888091378774,2.67202966549296,0.00753939829322391,0.0381124772127695,MYC,Treg,Stimulated
MEF2D,277.892322014706,0.535398251992441,0.13719936845773,3.90233758369954,9.52681619551876e-05,0.00100544797832701,MYC,Treg,Stimulated
MYC,1053.74173978867,-0.825984038365404,0.192534659039553,-4.29005376219416,1.7862987011724e-05,0.00024321143854424,MYC,Treg,Stimulated
SMARCB1,907.305862192513,-0.304861458709931,0.0709954877358865,-4.29409626487897,1.7540635989238e-05,0.00023908153197044,MYC,Treg,Stimulated
SOCS3,203.032391807782,0.62148434448744,0.221459485432753,2.80631169747821,0.00501121919519256,0.0277061115820435,MYC,Treg,Stimulated
SP3,632.805673228492,0.272625007502642,0.0780763826479017,3.49177303374938,0.00047982578346429,0.00405785371520575,MYC,Treg,Stimulated
STAT3,1891.6089555355,0.513571491055328,0.106165543018436,4.83745927778228,1.31509316680875e-06,2.48522944771211e-05,MYC,Treg,Stimulated
STAT5A,567.648371596568,0.374583627306828,0.118868553644117,3.15124240872234,0.00162577497413074,0.011160037958385,MYC,Treg,Stimulated
TAF5L,131.436282519286,-0.443389167515871,0.166861725723548,-2.65722511015178,0.00787868144100527,0.039368345792888,MYC,Treg,Stimulated
TFAP4,251.851819938955,-0.499358693393071,0.160457098543003,-3.11210097856307,0.00185760947126884,0.0123343748193842,MYC,Treg,Stimulated
THRA,67.4313583166695,0.583013729770746,0.206994879685374,2.81656111811514,0.00485408063116553,0.0270036437768292,MYC,Treg,Stimulated
TNFAIP3,1737.02637014722,0.718479762637108,0.133408798143579,5.38555007342063,7.22234239642295e-08,1.85230973256831e-06,MYC,Treg,Stimulated
USP22,709.792449743037,-0.276579883975271,0.0756523999526115,-3.65593007159746,0.00025625120660533,0.00236093028842323,MYC,Treg,Stimulated
YBX1,9945.64128014674,-0.448007281050252,0.048437425098962,-9.24919687896152,2.2618573970732e-20,3.78996825453586e-18,MYC,Treg,Stimulated
ZNF217,519.568446346643,0.411857724562382,0.101193255315157,4.07001161569205,4.70107937644666e-05,0.00055681870427714,MYC,Treg,Stimulated
ARID5A,194.93030357414,1.00813685124527,0.13883562595294,7.261370014545,3.83189133046974e-13,5.45022676903813e-10,NFKB2,Teff,Resting
GATA3,675.749521385699,0.40733731264511,0.0804463141490055,5.06346769213845,4.11698179828865e-07,0.00010844317470413,NFKB2,Teff,Resting
JAK3,313.446346988852,0.39347490063203,0.0933679516785474,4.2142393996894,2.5062134167704e-05,0.00278974243026765,NFKB2,Teff,Resting
KLF2,1740.55862983717,-0.890578265783157,0.223069018711877,-3.99238886209229,6.54109920949206e-05,0.0061568096309344,NFKB2,Teff,Resting
KLF3,96.4228249948482,-0.792688992518022,0.197580890818981,-4.0119719535239,6.0213655098596e-05,0.00583935605240248,NFKB2,Teff,Resting
MYB,81.3616186634853,0.805120260350665,0.192163893229182,4.18975826738922,2.79251783065906e-05,0.00297572198809665,NFKB2,Teff,Resting
NFKB2,388.161434110244,-2.90543081191483,0.186392212043355,-15.587726440196,8.82177445318752e-55,1.12927534775253e-50,NFKB2,Teff,Resting
TGIF2,109.960734633664,0.4456552814048,0.125463142135259,3.55208130308381,0.00038219674630653,0.0255065139086069,NFKB2,Teff,Resting
ARID5A,2089.42202339904,1.00182480298806,0.0624612119682095,16.0391508813173,6.80787988788327e-58,4.80976714078953e-54,NFKB2,Teff,Stimulated
CREM,2846.39073329047,-0.310684971785122,0.0937318943454502,-3.3146131736129,0.00091770022617466,0.025905303354542,NFKB2,Teff,Stimulated
ETS1,2860.92332119418,-0.14116147422356,0.0441024924940217,-3.20075955441056,0.00137065858459062,0.0356674139968056,NFKB2,Teff,Stimulated
FOXN2,701.102931533117,-0.295236819353086,0.0642094184502377,-4.59802979810345,4.26505005220074e-06,0.00030591450374414,NFKB2,Teff,Stimulated
FOXP3,589.638667959955,-1.32175531788404,0.276238186445441,-4.78483925373256,1.7112423038903e-06,0.00014392770091648,NFKB2,Teff,Stimulated
HNRNPK,6525.13094379453,0.0826763329550228,0.0237950943652032,3.47451166556098,0.00051178411015232,0.0166624642314569,NFKB2,Teff,Stimulated
IFNGR2,157.094246708159,1.17855311676464,0.144392383025907,8.16215573194874,3.29097509378231e-16,2.11370354887019e-13,NFKB2,Teff,Stimulated
IKZF3,165.256757594203,-0.65430215321549,0.151935216888077,-4.30645486028088,1.65891762523018e-05,0.00097668775185426,NFKB2,Teff,Stimulated
IL2RB,1975.27473499159,-0.300685020135839,0.0562311968906792,-5.34729895080146,8.92764917322813e-08,1.07818532322832e-05,NFKB2,Teff,Stimulated
JAK3,984.484173869209,0.34820716988064,0.053243440371379,6.53990740365115,6.15569338376756e-11,1.64113108514407e-08,NFKB2,Teff,Stimulated
KLF13,1053.83657415863,0.246278353107027,0.0630055855577011,3.90883365223997,9.2742794364966e-05,0.00413392960371284,NFKB2,Teff,Stimulated
KLF2,369.909581712964,-2.60119792101857,0.42624415459822,-6.10260080509603,1.04356251122577e-09,2.04799142828057e-07,NFKB2,Teff,Stimulated
KMT2A,2334.24748069568,0.241115505617346,0.0381216345082615,6.32489946266846,2.53397510808944e-10,5.94334420397977e-08,NFKB2,Teff,Stimulated
NFKB2,2488.69490616257,-2.97834518968625,0.0864802578450216,-34.4395965495806,6.44548104689516e-260,9.10746471926286e-256,NFKB2,Teff,Stimulated
PRDM1,644.544699441959,-0.62825786552553,0.10926388219636,-5.74991344712132,8.92891472679101e-09,1.41208049881043e-06,NFKB2,Teff,Stimulated
RARA,250.259376968035,0.451651158608792,0.0943608982850451,4.7864228384563,1.6978016991605e-06,0.00014390091277997,NFKB2,Teff,Stimulated
RUNX1,1322.00235339917,-0.319265484048689,0.0737941542854909,-4.32643326751238,1.51543202405209e-05,0.00090350440927662,NFKB2,Teff,Stimulated
STAT3,2324.91991765254,0.234927249128328,0.0647745984640663,3.62684222980793,0.00028690847592543,0.0107819594809214,NFKB2,Teff,Stimulated
STAT5A,882.935864889709,0.302014961039208,0.0873376593258282,3.45801528653853,0.00054417050682177,0.0175952614677155,NFKB2,Teff,Stimulated
ZBTB32,1146.2955763363,-0.704580581941997,0.0988288037985418,-7.12930395654949,1.0087774469709e-12,3.65487828864071e-10,NFKB2,Teff,Stimulated
NFKB2,262.531987931211,-2.60865693437043,0.298900590168959,-8.72750680383683,2.60348199483501e-18,2.86487158711644e-14,NFKB2,Treg,Resting
ARID5A,1696.27052831369,1.00025443058113,0.167308224055074,5.97851322749005,2.25183331342921e-09,2.7964305393847e-06,NFKB2,Treg,Stimulated
FOXN2,480.38250988143,-0.304025545153181,0.088171038399293,-3.44813388469312,0.00056447415757607,0.0457498953253408,NFKB2,Treg,Stimulated
IFNGR2,118.587996034211,0.934573732037921,0.166227161719371,5.62226848110233,1.88466055287116e-08,1.47294270875433e-05,NFKB2,Treg,Stimulated
JAK3,629.788175203415,0.329611328105096,0.0954286480563973,3.45400814973611,0.00055232068445388,0.0452622595422516,NFKB2,Treg,Stimulated
KLF2,778.859800641878,-1.84084200764376,0.532080939445116,-3.45970297218972,0.00054077154464693,0.0445419174325515,NFKB2,Treg,Stimulated
NFKB2,2130.29600507154,-3.18348661329076,0.152500027541454,-20.8753182842895,8.97691867233766e-97,1.44923375046219e-92,NFKB2,Treg,Stimulated
PRDM1,985.047512982434,-0.690200755730966,0.17918277688802,-3.85193693120577,0.0001171872084273,0.0148966164791366,NFKB2,Treg,Stimulated
ZBTB32,1196.11574171173,-0.59360325934294,0.106369585480717,-5.58057321235447,2.39727217740158e-08,1.6826766100857e-05,NFKB2,Treg,Stimulated
PRDM1,644.544699441959,0.803448853867475,0.104179308832725,7.71217301083776,1.23693289153252e-14,3.26822408600723e-10,PRDM1,Teff,Stimulated
PRDM1,114.904639701871,0.91797650797381,0.182271839421634,5.03630462547938,4.74605051635908e-07,0.0118836358879115,PRDM1,Treg,Resting
IL2RB,183.770062648225,0.504533631246018,0.156866417331759,3.21632660341171,0.00129842971176514,0.03226051765166,SOCS3,Teff,Resting
KLF2,1740.55862983717,-0.769106791659204,0.22822362814975,-3.36997005040404,0.00075176353894267,0.0230292841644247,SOCS3,Teff,Resting
MYC,243.622027261671,-0.74211624888178,0.222150479971165,-3.34060160022209,0.00083597087298744,0.0247471046948532,SOCS3,Teff,Resting
STAT5B,253.948303258272,-0.495675323625673,0.155390998834549,-3.18985866197719,0.00142342389835172,0.033787253872929,SOCS3,Teff,Resting
STAT3,432.310113771066,0.270120087447703,0.0815308338202424,3.31310345780663,0.00092266842731664,0.0247111439283755,STAT5B,Teff,Resting
STAT5B,253.948303258272,-2.30342610277102,0.182490678288104,-12.6221576048642,1.59393489634098e-36,5.2934577907484e-33,STAT5B,Teff,Resting
ARID5A,2089.42202339904,0.4090791052499,0.0653576279833808,6.25908739151183,3.87236837548565e-10,8.95988594719869e-08,STAT5B,Teff,Stimulated
BATF,2790.38579210608,0.436949644875596,0.0486698032108167,8.97783874290426,2.76137412628071e-19,3.99329215836769e-16,STAT5B,Teff,Stimulated
BCL11B,577.002835860242,0.207025924629446,0.0710292932734226,2.91465556094601,0.00356081297417228,0.0414437075434599,STAT5B,Teff,Stimulated
CBFB,919.091678947756,-0.274403898730867,0.0661440853339369,-4.14857802244151,3.34546829081131e-05,0.00106626988025027,STAT5B,Teff,Stimulated
CREM,2846.39073329047,-0.387109358120997,0.0954855417870536,-4.05411490447744,5.03244772619359e-05,0.00152809416651794,STAT5B,Teff,Stimulated
FOXP3,589.638667959955,-0.997575172285393,0.279673798987402,-3.56692395175112,0.0003611962457719,0.00750211735607757,STAT5B,Teff,Stimulated
IL2RA,11434.7058719491,-0.536820020048558,0.103471805484314,-5.18808014933051,2.12473159247418e-07,2.1009418626781e-05,STAT5B,Teff,Stimulated
IL2RB,1975.27473499159,-0.192403706387664,0.0592772201382077,-3.24582876759513,0.00117109255470786,0.0183171336355448,STAT5B,Teff,Stimulated
IL4R,917.601293148619,0.243398779642207,0.0586003584033994,4.15353738908339,3.27374692105121e-05,0.0010541134236558,STAT5B,Teff,Stimulated
JAK3,984.484173869209,0.245170060655357,0.0591058638482879,4.1479820223025,3.35418730693365e-05,0.00106626988025027,STAT5B,Teff,Stimulated
KLF13,1053.83657415863,0.25914813886266,0.0672658802737906,3.85259418010819,0.00011687300142444,0.00298477649774714,STAT5B,Teff,Stimulated
LEF1,916.434381347484,0.361364684452614,0.077267493189389,4.67680093576842,2.91384866083714e-06,0.00015606627387604,STAT5B,Teff,Stimulated
NFIL3,1654.50837018163,0.293898584848041,0.0690145126085179,4.25850409920546,2.05799446606207e-05,0.000728102078834,STAT5B,Teff,Stimulated
RBPJ,2001.59911089889,0.309263345165441,0.0757286650310523,4.08383463565122,4.42985601157849e-05,0.00137352523860519,STAT5B,Teff,Stimulated
REST,984.815458818255,0.209563939405778,0.0592620587764752,3.53622441967823,0.00040588973055437,0.00823813735576065,STAT5B,Teff,Stimulated
RUNX1,1322.00235339917,0.30583439249922,0.0750714806582839,4.07390915721165,4.62305203828145e-05,0.00141492299023487,STAT5B,Teff,Stimulated
STAT3,2324.91991765254,0.243449673416402,0.0667196207759773,3.64884677977752,0.00026342014701946,0.00577737958592422,STAT5B,Teff,Stimulated
STAT5B,619.139700316604,-2.01949702154206,0.121183677604352,-16.6647609766014,2.36431862002025e-62,2.73528021150143e-58,STAT5B,Teff,Stimulated
STAT6,593.608643148051,0.22238861262233,0.078431457992066,2.83545172199688,0.00457609308698301,0.0497564106422053,STAT5B,Teff,Stimulated
YBX1,12529.8618051086,-0.144962658868033,0.0290750439016327,-4.98581048952063,6.17026024159348e-07,4.79085508288557e-05,STAT5B,Teff,Stimulated
ZBTB32,1146.2955763363,-0.947948283730839,0.105038689103163,-9.02475356294496,1.80100273790764e-19,2.9765429535505e-16,STAT5B,Teff,Stimulated
ZNF217,784.298015193371,0.2424059326959,0.0616772074733626,3.93023521372285,8.48628029829404e-05,0.00229626068705427,STAT5B,Teff,Stimulated
STAT5B,158.636214607686,-2.5170361720362,0.252517011862327,-9.96778852035719,2.10871722837581e-23,5.28001706813018e-19,STAT5B,Treg,Resting
ARID5A,1696.27052831369,0.846276724402595,0.168195646058586,5.03150196948511,4.86652109752706e-07,0.00021533141812204,STAT5B,Treg,Stimulated
BCL11B,682.479924193471,0.359564072250982,0.104090672814067,3.45433517269367,0.00055165131013911,0.0171832410537055,STAT5B,Treg,Stimulated
DNMT1,1909.62686327636,-0.19693897805286,0.0540098038874489,-3.6463561034819,0.0002659853131549,0.0110043179971358,STAT5B,Treg,Stimulated
JAK3,629.788175203415,0.408006382309769,0.099128524748577,4.11593316196937,3.85616049784336e-05,0.0030641173733657,STAT5B,Treg,Stimulated
KLF13,708.986091398804,0.38988685993921,0.104962361344957,3.71453971636419,0.0002035738966629,0.00935139225862151,STAT5B,Treg,Stimulated
STAT3,1891.6089555355,0.453097066485486,0.105480219743943,4.29556430186999,1.74249518755729e-05,0.00181727727268996,STAT5B,Treg,Stimulated
STAT5B,500.189805055582,-2.45448721933517,0.167202966025245,-14.6796870754349,8.69909769043558e-49,8.7095366076641e-45,STAT5B,Treg,Stimulated
YBX1,9945.64128014674,-0.224257653892497,0.0475527085404471,-4.71598066179027,2.40549283539734e-06,0.00052728092172415,STAT5B,Treg,Stimulated
ZBTB32,1196.11574171173,-0.492194322382227,0.109102313860027,-4.51130965942382,6.44285826969481e-06,0.00097736207569976,STAT5B,Treg,Stimulated
BCL11B,456.276768293761,-0.263204130693099,0.0789198323803758,-3.33508223160579,0.00085274178475656,0.0309651860589729,USP22,Teff,Resting
ETS1,1161.38939650216,-0.242973175432903,0.0699533115797726,-3.47336201740533,0.00051398156958669,0.0225376069381034,USP22,Teff,Resting
SATB1,608.407968260607,-0.288566659791314,0.0849483564806959,-3.39696577716473,0.00068137487893138,0.0273019865282163,USP22,Teff,Resting
ARID5A,2089.42202339904,-0.249436287689248,0.0666623496185981,-3.74178661742906,0.00018271663051763,0.00998440565953959,USP22,Teff,Stimulated
BATF,2790.38579210608,-0.22546173482721,0.0498707853218045,-4.52091807603104,6.15720148874719e-06,0.00086804923630035,USP22,Teff,Stimulated
BCL11B,577.002835860242,-0.332255750867725,0.074037322319453,-4.48767919285522,7.20032432080495e-06,0.00097819678772826,USP22,Teff,Stimulated
ETS1,2860.92332119418,-0.364350423052695,0.0467366768638636,-7.79581364147881,6.39947740278661e-15,7.96948252560359e-12,USP22,Teff,Stimulated
GATA3,3454.11109377787,-0.239101897416322,0.0680786964329147,-3.51213977271047,0.00044451415271022,0.0177615494601646,USP22,Teff,Stimulated
IL2RB,1975.27473499159,-0.212721183904897,0.0582006643069988,-3.65496144138198,0.00025722063391506,0.0124802115364502,USP22,Teff,Stimulated
IRF1,2344.53732354358,-0.287639619884002,0.0793476659179148,-3.6250545817134,0.0002889004287281,0.0134078509531454,USP22,Teff,Stimulated
RBPJ,2001.59911089889,-0.313366908606134,0.076777435873272,-4.08149744833071,4.47464690647376e-05,0.00351942754580757,USP22,Teff,Stimulated
RELA,935.79366510856,-0.241975201988081,0.0637978693119881,-3.79284143181584,0.00014893326561417,0.00876243591078013,USP22,Teff,Stimulated
USP22,914.167791701446,-4.81303496145457,0.19142913175357,-25.1426463535888,1.70073853960212e-139,1.2707918367907e-135,USP22,Teff,Stimulated
USP22,104.355984043497,-3.16054341698225,0.325687181953038,-9.70423029248349,2.89251192706789e-22,1.22324329395701e-18,USP22,Treg,Resting
BATF,3917.7332136561,-0.441462508840883,0.135982003923989,-3.24647744629247,0.00116842705555789,0.0447454451957964,USP22,Treg,Stimulated
USP22,709.792449743037,-4.25331477305363,0.181332802091619,-23.4558487156925,1.15218037502167e-121,3.88284786382303e-118,USP22,Treg,Stimulated
ZBTB32,1196.11574171173,-0.636682350968492,0.108393944880228,-5.87378152600689,4.25964672568308e-09,4.52017972890094e-06,USP22,Treg,Stimulated
